Fecha,Hora,Produccion_Eolica
2019-01-01,1,14.5
2019-01-01,2,18.0
2019-01-01,3,19.0
2019-01-01,4,18.5
2019-01-01,5,15.0
2019-01-01,6,10.5
2019-01-01,7,9.5
2019-01-01,8,9.5
2019-01-01,9,9.5
2019-01-01,10,8.0
2019-01-01,11,8.5
2019-01-01,12,11.0
2019-01-01,13,15.5
2019-01-01,14,23.0
2019-01-01,15,36.5
2019-01-01,16,56.0
2019-01-01,17,74.0
2019-01-01,18,96.0
2019-01-01,19,113.5
2019-01-01,20,124.5
2019-01-01,21,131.5
2019-01-01,22,137.0
2019-01-01,23,137.5
2019-01-01,24,134.5
2019-01-02,1,135.0
2019-01-02,2,149.5
2019-01-02,3,162.5
2019-01-02,4,158.0
2019-01-02,5,155.0
2019-01-02,6,147.0
2019-01-02,7,150.0
2019-01-02,8,154.0
2019-01-02,9,121.5
2019-01-02,10,89.0
2019-01-02,11,83.0
2019-01-02,12,81.0
2019-01-02,13,77.5
2019-01-02,14,80.5
2019-01-02,15,96.5
2019-01-02,16,116.5
2019-01-02,17,124.0
2019-01-02,18,110.0
2019-01-02,19,105.5
2019-01-02,20,106.5
2019-01-02,21,114.5
2019-01-02,22,130.5
2019-01-02,23,139.0
2019-01-02,24,129.5
2019-01-03,1,111.0
2019-01-03,2,100.5
2019-01-03,3,92.5
2019-01-03,4,80.5
2019-01-03,5,75.0
2019-01-03,6,77.0
2019-01-03,7,78.5
2019-01-03,8,74.5
2019-01-03,9,56.5
2019-01-03,10,24.0
2019-01-03,11,2.5
2019-01-03,12,12.5
2019-01-03,13,23.0
2019-01-03,14,30.5
2019-01-03,15,29.0
2019-01-03,16,18.5
2019-01-03,17,10.0
2019-01-03,18,9.0
2019-01-03,19,12.5
2019-01-03,20,17.0
2019-01-03,21,19.5
2019-01-03,22,19.0
2019-01-03,23,17.5
2019-01-03,24,17.5
2019-01-04,1,15.0
2019-01-04,2,5.5
2019-01-04,3,2.5
2019-01-04,4,3.5
2019-01-04,5,8.5
2019-01-04,6,11.5
2019-01-04,7,12.5
2019-01-04,8,12.0
2019-01-04,9,11.0
2019-01-04,10,7.0
2019-01-04,11,5.5
2019-01-04,12,6.0
2019-01-04,13,6.5
2019-01-04,14,8.5
2019-01-04,15,16.5
2019-01-04,16,24.5
2019-01-04,17,25.0
2019-01-04,18,28.5
2019-01-04,19,33.5
2019-01-04,20,40.0
2019-01-04,21,50.0
2019-01-04,22,56.5
2019-01-04,23,64.0
2019-01-04,24,68.0
2019-01-05,1,64.0
2019-01-05,2,56.0
2019-01-05,3,53.0
2019-01-05,4,54.5
2019-01-05,5,62.0
2019-01-05,6,75.0
2019-01-05,7,79.0
2019-01-05,8,70.0
2019-01-05,9,66.0
2019-01-05,10,53.5
2019-01-05,11,34.0
2019-01-05,12,34.0
2019-01-05,13,35.0
2019-01-05,14,54.5
2019-01-05,15,107.0
2019-01-05,16,163.0
2019-01-05,17,219.5
2019-01-05,18,285.5
2019-01-05,19,320.0
2019-01-05,20,317.5
2019-01-05,21,296.0
2019-01-05,22,280.0
2019-01-05,23,270.5
2019-01-05,24,262.0
2019-01-06,1,255.0
2019-01-06,2,245.5
2019-01-06,3,242.5
2019-01-06,4,239.5
2019-01-06,5,224.5
2019-01-06,6,200.0
2019-01-06,7,178.0
2019-01-06,8,154.0
2019-01-06,9,122.0
2019-01-06,10,79.5
2019-01-06,11,43.0
2019-01-06,12,29.0
2019-01-06,13,23.0
2019-01-06,14,20.5
2019-01-06,15,25.5
2019-01-06,16,39.0
2019-01-06,17,65.0
2019-01-06,18,106.0
2019-01-06,19,148.0
2019-01-06,20,137.0
2019-01-06,21,93.5
2019-01-06,22,86.0
2019-01-06,23,67.5
2019-01-06,24,44.0
2019-01-07,1,26.5
2019-01-07,2,16.0
2019-01-07,3,11.0
2019-01-07,4,6.5
2019-01-07,5,7.5
2019-01-07,6,9.5
2019-01-07,7,13.5
2019-01-07,8,15.5
2019-01-07,9,12.5
2019-01-07,10,5.5
2019-01-07,11,4.0
2019-01-07,12,4.0
2019-01-07,13,4.0
2019-01-07,14,3.5
2019-01-07,15,9.0
2019-01-07,16,11.0
2019-01-07,17,11.0
2019-01-07,18,20.5
2019-01-07,19,28.0
2019-01-07,20,34.5
2019-01-07,21,41.5
2019-01-07,22,44.5
2019-01-07,23,42.0
2019-01-07,24,34.0
2019-01-08,1,29.0
2019-01-08,2,30.5
2019-01-08,3,38.5
2019-01-08,4,48.0
2019-01-08,5,57.0
2019-01-08,6,65.5
2019-01-08,7,77.5
2019-01-08,8,83.5
2019-01-08,9,83.0
2019-01-08,10,77.5
2019-01-08,11,60.0
2019-01-08,12,71.5
2019-01-08,13,101.5
2019-01-08,14,125.5
2019-01-08,15,131.0
2019-01-08,16,111.5
2019-01-08,17,93.0
2019-01-08,18,89.5
2019-01-08,19,89.5
2019-01-08,20,74.0
2019-01-08,21,74.0
2019-01-08,22,85.0
2019-01-08,23,103.0
2019-01-08,24,127.5
2019-01-09,1,144.5
2019-01-09,2,142.0
2019-01-09,3,124.5
2019-01-09,4,120.0
2019-01-09,5,118.5
2019-01-09,6,113.5
2019-01-09,7,118.0
2019-01-09,8,129.5
2019-01-09,9,144.0
2019-01-09,10,147.5
2019-01-09,11,155.5
2019-01-09,12,181.5
2019-01-09,13,166.5
2019-01-09,14,116.5
2019-01-09,15,111.0
2019-01-09,16,155.0
2019-01-09,17,203.0
2019-01-09,18,210.0
2019-01-09,19,187.0
2019-01-09,20,172.0
2019-01-09,21,143.5
2019-01-09,22,145.5
2019-01-09,23,155.0
2019-01-09,24,158.0
2019-01-10,1,160.0
2019-01-10,2,154.0
2019-01-10,3,138.0
2019-01-10,4,127.5
2019-01-10,5,121.0
2019-01-10,6,109.0
2019-01-10,7,95.5
2019-01-10,8,82.5
2019-01-10,9,77.0
2019-01-10,10,50.5
2019-01-10,11,32.0
2019-01-10,12,64.5
2019-01-10,13,78.5
2019-01-10,14,72.5
2019-01-10,15,65.5
2019-01-10,16,69.5
2019-01-10,17,72.0
2019-01-10,18,74.5
2019-01-10,19,81.5
2019-01-10,20,87.5
2019-01-10,21,85.5
2019-01-10,22,79.5
2019-01-10,23,71.5
2019-01-10,24,57.5
2019-01-11,1,46.0
2019-01-11,2,42.0
2019-01-11,3,42.0
2019-01-11,4,43.5
2019-01-11,5,36.0
2019-01-11,6,34.5
2019-01-11,7,27.5
2019-01-11,8,22.5
2019-01-11,9,15.5
2019-01-11,10,3.5
2019-01-11,11,6.0
2019-01-11,12,2.5
2019-01-11,13,1.5
2019-01-11,14,3.0
2019-01-11,15,5.5
2019-01-11,16,6.5
2019-01-11,17,13.0
2019-01-11,18,29.5
2019-01-11,19,50.5
2019-01-11,20,63.0
2019-01-11,21,65.5
2019-01-11,22,58.0
2019-01-11,23,49.5
2019-01-11,24,46.0
2019-01-12,1,52.5
2019-01-12,2,64.5
2019-01-12,3,82.0
2019-01-12,4,91.0
2019-01-12,5,102.0
2019-01-12,6,109.0
2019-01-12,7,107.5
2019-01-12,8,106.0
2019-01-12,9,109.0
2019-01-12,10,68.5
2019-01-12,11,24.0
2019-01-12,12,18.5
2019-01-12,13,19.0
2019-01-12,14,19.5
2019-01-12,15,27.0
2019-01-12,16,41.0
2019-01-12,17,56.0
2019-01-12,18,78.5
2019-01-12,19,100.5
2019-01-12,20,124.5
2019-01-12,21,150.5
2019-01-12,22,165.0
2019-01-12,23,191.5
2019-01-12,24,211.0
2019-01-13,1,208.0
2019-01-13,2,198.5
2019-01-13,3,203.5
2019-01-13,4,195.5
2019-01-13,5,177.5
2019-01-13,6,179.0
2019-01-13,7,200.5
2019-01-13,8,210.0
2019-01-13,9,183.5
2019-01-13,10,135.0
2019-01-13,11,112.5
2019-01-13,12,104.5
2019-01-13,13,102.5
2019-01-13,14,110.5
2019-01-13,15,133.0
2019-01-13,16,161.0
2019-01-13,17,197.5
2019-01-13,18,228.0
2019-01-13,19,253.0
2019-01-13,20,291.5
2019-01-13,21,338.5
2019-01-13,22,368.5
2019-01-13,23,380.5
2019-01-13,24,384.5
2019-01-14,1,374.0
2019-01-14,2,347.5
2019-01-14,3,310.0
2019-01-14,4,317.5
2019-01-14,5,333.0
2019-01-14,6,336.0
2019-01-14,7,337.0
2019-01-14,8,354.0
2019-01-14,9,352.0
2019-01-14,10,323.5
2019-01-14,11,300.5
2019-01-14,12,278.0
2019-01-14,13,242.5
2019-01-14,14,203.5
2019-01-14,15,179.5
2019-01-14,16,179.0
2019-01-14,17,185.5
2019-01-14,18,187.0
2019-01-14,19,189.0
2019-01-14,20,178.5
2019-01-14,21,158.0
2019-01-14,22,132.0
2019-01-14,23,119.0
2019-01-14,24,126.5
2019-01-15,1,132.0
2019-01-15,2,148.0
2019-01-15,3,168.5
2019-01-15,4,187.0
2019-01-15,5,188.0
2019-01-15,6,182.0
2019-01-15,7,172.5
2019-01-15,8,159.0
2019-01-15,9,122.5
2019-01-15,10,62.5
2019-01-15,11,11.0
2019-01-15,12,6.0
2019-01-15,13,7.5
2019-01-15,14,7.5
2019-01-15,15,9.0
2019-01-15,16,14.5
2019-01-15,17,23.0
2019-01-15,18,29.0
2019-01-15,19,29.5
2019-01-15,20,27.0
2019-01-15,21,24.0
2019-01-15,22,22.0
2019-01-15,23,19.0
2019-01-15,24,16.0
2019-01-16,1,13.5
2019-01-16,2,13.5
2019-01-16,3,13.5
2019-01-16,4,12.5
2019-01-16,5,11.0
2019-01-16,6,9.0
2019-01-16,7,11.0
2019-01-16,8,10.0
2019-01-16,9,6.5
2019-01-16,10,3.5
2019-01-16,11,1.5
2019-01-16,12,2.5
2019-01-16,13,7.0
2019-01-16,14,15.0
2019-01-16,15,20.5
2019-01-16,16,20.5
2019-01-16,17,14.0
2019-01-16,18,9.0
2019-01-16,19,9.0
2019-01-16,20,8.0
2019-01-16,21,6.5
2019-01-16,22,6.0
2019-01-16,23,6.0
2019-01-16,24,5.5
2019-01-17,1,7.0
2019-01-17,2,10.0
2019-01-17,3,11.0
2019-01-17,4,12.5
2019-01-17,5,13.0
2019-01-17,6,12.5
2019-01-17,7,11.5
2019-01-17,8,12.0
2019-01-17,9,11.5
2019-01-17,10,6.0
2019-01-17,11,3.0
2019-01-17,12,1.0
2019-01-17,13,1.5
2019-01-17,14,9.0
2019-01-17,15,14.5
2019-01-17,16,15.5
2019-01-17,17,9.0
2019-01-17,18,15.0
2019-01-17,19,17.5
2019-01-17,20,19.5
2019-01-17,21,31.0
2019-01-17,22,52.5
2019-01-17,23,79.5
2019-01-17,24,96.5
2019-01-18,1,103.0
2019-01-18,2,111.5
2019-01-18,3,121.0
2019-01-18,4,136.0
2019-01-18,5,147.0
2019-01-18,6,151.0
2019-01-18,7,136.5
2019-01-18,8,103.5
2019-01-18,9,63.5
2019-01-18,10,31.5
2019-01-18,11,20.5
2019-01-18,12,21.0
2019-01-18,13,29.0
2019-01-18,14,37.0
2019-01-18,15,45.0
2019-01-18,16,49.0
2019-01-18,17,46.0
2019-01-18,18,50.5
2019-01-18,19,55.5
2019-01-18,20,53.0
2019-01-18,21,53.5
2019-01-18,22,59.5
2019-01-18,23,66.0
2019-01-18,24,68.0
2019-01-19,1,73.5
2019-01-19,2,76.5
2019-01-19,3,68.5
2019-01-19,4,56.5
2019-01-19,5,43.5
2019-01-19,6,33.5
2019-01-19,7,26.5
2019-01-19,8,20.5
2019-01-19,9,15.5
2019-01-19,10,8.5
2019-01-19,11,5.0
2019-01-19,12,2.0
2019-01-19,13,2.5
2019-01-19,14,9.5
2019-01-19,15,27.5
2019-01-19,16,35.5
2019-01-19,17,24.0
2019-01-19,18,9.0
2019-01-19,19,2.5
2019-01-19,20,2.5
2019-01-19,21,3.5
2019-01-19,22,5.0
2019-01-19,23,7.0
2019-01-19,24,9.0
2019-01-20,1,8.0
2019-01-20,2,7.5
2019-01-20,3,7.0
2019-01-20,4,7.0
2019-01-20,5,8.5
2019-01-20,6,9.5
2019-01-20,7,10.0
2019-01-20,8,10.5
2019-01-20,9,9.0
2019-01-20,10,2.0
2019-01-20,11,2.5
2019-01-20,12,1.0
2019-01-20,13,1.0
2019-01-20,14,6.0
2019-01-20,15,14.5
2019-01-20,16,18.5
2019-01-20,17,8.5
2019-01-20,18,2.5
2019-01-20,19,6.0
2019-01-20,20,9.5
2019-01-20,21,11.0
2019-01-20,22,12.0
2019-01-20,23,12.5
2019-01-20,24,13.0
2019-01-21,1,12.0
2019-01-21,2,11.0
2019-01-21,3,12.0
2019-01-21,4,15.0
2019-01-21,5,19.5
2019-01-21,6,25.5
2019-01-21,7,31.5
2019-01-21,8,34.5
2019-01-21,9,27.0
2019-01-21,10,6.5
2019-01-21,11,4.5
2019-01-21,12,6.5
2019-01-21,13,7.0
2019-01-21,14,7.0
2019-01-21,15,7.5
2019-01-21,16,6.5
2019-01-21,17,2.5
2019-01-21,18,3.5
2019-01-21,19,5.0
2019-01-21,20,8.0
2019-01-21,21,11.0
2019-01-21,22,12.5
2019-01-21,23,11.5
2019-01-21,24,9.5
2019-01-22,1,7.5
2019-01-22,2,6.0
2019-01-22,3,5.5
2019-01-22,4,5.0
2019-01-22,5,5.0
2019-01-22,6,6.0
2019-01-22,7,6.5
2019-01-22,8,7.5
2019-01-22,9,5.5
2019-01-22,10,2.5
2019-01-22,11,1.0
2019-01-22,12,1.0
2019-01-22,13,1.0
2019-01-22,14,1.5
2019-01-22,15,15.0
2019-01-22,16,24.0
2019-01-22,17,11.0
2019-01-22,18,2.5
2019-01-22,19,6.0
2019-01-22,20,8.5
2019-01-22,21,10.5
2019-01-22,22,13.5
2019-01-22,23,18.0
2019-01-22,24,22.5
2019-01-23,1,24.0
2019-01-23,2,17.5
2019-01-23,3,15.5
2019-01-23,4,17.0
2019-01-23,5,18.5
2019-01-23,6,20.5
2019-01-23,7,22.5
2019-01-23,8,23.0
2019-01-23,9,19.0
2019-01-23,10,16.0
2019-01-23,11,17.5
2019-01-23,12,23.5
2019-01-23,13,30.5
2019-01-23,14,40.0
2019-01-23,15,47.5
2019-01-23,16,51.0
2019-01-23,17,54.0
2019-01-23,18,48.0
2019-01-23,19,39.0
2019-01-23,20,26.5
2019-01-23,21,17.5
2019-01-23,22,17.5
2019-01-23,23,17.5
2019-01-23,24,17.0
2019-01-24,1,18.0
2019-01-24,2,18.0
2019-01-24,3,16.5
2019-01-24,4,12.5
2019-01-24,5,7.5
2019-01-24,6,4.5
2019-01-24,7,5.0
2019-01-24,8,9.0
2019-01-24,9,13.5
2019-01-24,10,13.0
2019-01-24,11,10.5
2019-01-24,12,12.0
2019-01-24,13,10.0
2019-01-24,14,8.0
2019-01-24,15,8.0
2019-01-24,16,6.0
2019-01-24,17,7.0
2019-01-24,18,16.0
2019-01-24,19,22.5
2019-01-24,20,49.5
2019-01-24,21,88.0
2019-01-24,22,139.0
2019-01-24,23,176.0
2019-01-24,24,203.5
2019-01-25,1,209.5
2019-01-25,2,202.5
2019-01-25,3,205.0
2019-01-25,4,192.5
2019-01-25,5,186.5
2019-01-25,6,186.0
2019-01-25,7,183.5
2019-01-25,8,141.0
2019-01-25,9,73.0
2019-01-25,10,35.0
2019-01-25,11,16.5
2019-01-25,12,9.0
2019-01-25,13,11.5
2019-01-25,14,16.5
2019-01-25,15,18.0
2019-01-25,16,30.0
2019-01-25,17,49.5
2019-01-25,18,72.5
2019-01-25,19,87.5
2019-01-25,20,100.0
2019-01-25,21,104.5
2019-01-25,22,95.5
2019-01-25,23,89.5
2019-01-25,24,92.0
2019-01-26,1,80.0
2019-01-26,2,81.0
2019-01-26,3,88.5
2019-01-26,4,100.5
2019-01-26,5,107.0
2019-01-26,6,111.0
2019-01-26,7,111.5
2019-01-26,8,111.5
2019-01-26,9,93.5
2019-01-26,10,50.5
2019-01-26,11,24.5
2019-01-26,12,21.0
2019-01-26,13,17.0
2019-01-26,14,15.0
2019-01-26,15,22.0
2019-01-26,16,34.0
2019-01-26,17,48.0
2019-01-26,18,67.0
2019-01-26,19,83.0
2019-01-26,20,83.0
2019-01-26,21,72.5
2019-01-26,22,59.0
2019-01-26,23,47.0
2019-01-26,24,39.5
2019-01-27,1,39.0
2019-01-27,2,39.0
2019-01-27,3,34.0
2019-01-27,4,29.0
2019-01-27,5,26.5
2019-01-27,6,23.0
2019-01-27,7,20.5
2019-01-27,8,18.0
2019-01-27,9,15.5
2019-01-27,10,12.0
2019-01-27,11,11.0
2019-01-27,12,7.5
2019-01-27,13,10.0
2019-01-27,14,24.0
2019-01-27,15,34.0
2019-01-27,16,25.5
2019-01-27,17,13.0
2019-01-27,18,18.0
2019-01-27,19,22.5
2019-01-27,20,23.5
2019-01-27,21,32.0
2019-01-27,22,43.0
2019-01-27,23,55.5
2019-01-27,24,68.5
2019-01-28,1,76.0
2019-01-28,2,103.0
2019-01-28,3,126.0
2019-01-28,4,141.0
2019-01-28,5,162.5
2019-01-28,6,147.0
2019-01-28,7,130.5
2019-01-28,8,122.5
2019-01-28,9,110.0
2019-01-28,10,129.0
2019-01-28,11,122.5
2019-01-28,12,101.5
2019-01-28,13,86.0
2019-01-28,14,79.5
2019-01-28,15,78.0
2019-01-28,16,95.5
2019-01-28,17,115.5
2019-01-28,18,126.0
2019-01-28,19,136.0
2019-01-28,20,144.5
2019-01-28,21,143.0
2019-01-28,22,144.5
2019-01-28,23,133.0
2019-01-28,24,124.5
2019-01-29,1,117.5
2019-01-29,2,103.5
2019-01-29,3,92.5
2019-01-29,4,83.5
2019-01-29,5,78.0
2019-01-29,6,81.5
2019-01-29,7,84.0
2019-01-29,8,85.5
2019-01-29,9,72.0
2019-01-29,10,41.0
2019-01-29,11,6.5
2019-01-29,12,5.5
2019-01-29,13,10.5
2019-01-29,14,14.5
2019-01-29,15,25.5
2019-01-29,16,39.0
2019-01-29,17,38.0
2019-01-29,18,24.5
2019-01-29,19,11.0
2019-01-29,20,4.5
2019-01-29,21,7.0
2019-01-29,22,15.0
2019-01-29,23,24.0
2019-01-29,24,28.5
2019-01-30,1,38.5
2019-01-30,2,43.0
2019-01-30,3,47.0
2019-01-30,4,32.5
2019-01-30,5,20.5
2019-01-30,6,15.0
2019-01-30,7,13.0
2019-01-30,8,13.0
2019-01-30,9,12.0
2019-01-30,10,22.0
2019-01-30,11,40.0
2019-01-30,12,59.5
2019-01-30,13,71.5
2019-01-30,14,70.0
2019-01-30,15,56.0
2019-01-30,16,40.5
2019-01-30,17,31.5
2019-01-30,18,35.0
2019-01-30,19,37.0
2019-01-30,20,41.5
2019-01-30,21,48.0
2019-01-30,22,48.0
2019-01-30,23,40.0
2019-01-30,24,26.5
2019-01-31,1,24.5
2019-01-31,2,21.5
2019-01-31,3,16.5
2019-01-31,4,20.5
2019-01-31,5,35.0
2019-01-31,6,55.5
2019-01-31,7,57.0
2019-01-31,8,41.5
2019-01-31,9,25.5
2019-01-31,10,19.5
2019-01-31,11,10.0
2019-01-31,12,2.5
2019-01-31,13,7.5
2019-01-31,14,26.5
2019-01-31,15,41.5
2019-01-31,16,53.5
2019-01-31,17,57.5
2019-01-31,18,48.5
2019-01-31,19,35.5
2019-01-31,20,31.5
2019-01-31,21,32.0
2019-01-31,22,38.0
2019-01-31,23,39.5
2019-01-31,24,42.0
2019-02-01,1,45.0
2019-02-01,2,49.5
2019-02-01,3,58.5
2019-02-01,4,68.5
2019-02-01,5,59.0
2019-02-01,6,55.5
2019-02-01,7,59.5
2019-02-01,8,61.0
2019-02-01,9,67.5
2019-02-01,10,74.0
2019-02-01,11,72.5
2019-02-01,12,69.5
2019-02-01,13,60.0
2019-02-01,14,51.0
2019-02-01,15,34.5
2019-02-01,16,15.0
2019-02-01,17,17.5
2019-02-01,18,28.5
2019-02-01,19,30.0
2019-02-01,20,20.5
2019-02-01,21,16.0
2019-02-01,22,22.0
2019-02-01,23,24.0
2019-02-01,24,23.0
2019-02-02,1,22.5
2019-02-02,2,20.5
2019-02-02,3,17.5
2019-02-02,4,13.5
2019-02-02,5,11.0
2019-02-02,6,11.0
2019-02-02,7,10.5
2019-02-02,8,10.0
2019-02-02,9,16.0
2019-02-02,10,27.5
2019-02-02,11,37.5
2019-02-02,12,40.0
2019-02-02,13,33.0
2019-02-02,14,21.5
2019-02-02,15,15.5
2019-02-02,16,24.0
2019-02-02,17,39.0
2019-02-02,18,48.5
2019-02-02,19,53.5
2019-02-02,20,48.5
2019-02-02,21,39.5
2019-02-02,22,25.5
2019-02-02,23,16.5
2019-02-02,24,19.5
2019-02-03,1,41.5
2019-02-03,2,70.0
2019-02-03,3,104.5
2019-02-03,4,143.0
2019-02-03,5,160.0
2019-02-03,6,156.5
2019-02-03,7,139.0
2019-02-03,8,131.5
2019-02-03,9,141.5
2019-02-03,10,139.5
2019-02-03,11,142.5
2019-02-03,12,139.0
2019-02-03,13,128.0
2019-02-03,14,118.5
2019-02-03,15,132.5
2019-02-03,16,152.5
2019-02-03,17,170.5
2019-02-03,18,174.0
2019-02-03,19,162.5
2019-02-03,20,141.0
2019-02-03,21,126.0
2019-02-03,22,132.0
2019-02-03,23,137.0
2019-02-03,24,139.0
2019-02-04,1,138.5
2019-02-04,2,98.0
2019-02-04,3,65.0
2019-02-04,4,56.5
2019-02-04,5,45.0
2019-02-04,6,36.0
2019-02-04,7,35.0
2019-02-04,8,36.0
2019-02-04,9,28.5
2019-02-04,10,18.0
2019-02-04,11,15.0
2019-02-04,12,12.5
2019-02-04,13,12.0
2019-02-04,14,11.0
2019-02-04,15,10.5
2019-02-04,16,6.0
2019-02-04,17,1.0
2019-02-04,18,3.5
2019-02-04,19,9.5
2019-02-04,20,17.5
2019-02-04,21,21.5
2019-02-04,22,25.0
2019-02-04,23,26.5
2019-02-04,24,25.0
2019-02-05,1,19.5
2019-02-05,2,13.0
2019-02-05,3,11.5
2019-02-05,4,10.5
2019-02-05,5,16.5
2019-02-05,6,22.5
2019-02-05,7,23.5
2019-02-05,8,20.5
2019-02-05,9,15.0
2019-02-05,10,7.5
2019-02-05,11,4.0
2019-02-05,12,3.0
2019-02-05,13,2.5
2019-02-05,14,2.0
2019-02-05,15,2.5
2019-02-05,16,6.0
2019-02-05,17,12.5
2019-02-05,18,17.0
2019-02-05,19,18.5
2019-02-05,20,17.5
2019-02-05,21,15.0
2019-02-05,22,15.5
2019-02-05,23,17.0
2019-02-05,24,18.0
2019-02-06,1,18.5
2019-02-06,2,19.0
2019-02-06,3,22.5
2019-02-06,4,27.0
2019-02-06,5,31.0
2019-02-06,6,31.0
2019-02-06,7,29.0
2019-02-06,8,27.5
2019-02-06,9,25.5
2019-02-06,10,18.5
2019-02-06,11,10.5
2019-02-06,12,6.5
2019-02-06,13,4.5
2019-02-06,14,4.0
2019-02-06,15,3.5
2019-02-06,16,2.0
2019-02-06,17,4.0
2019-02-06,18,7.5
2019-02-06,19,10.0
2019-02-06,20,12.0
2019-02-06,21,13.0
2019-02-06,22,15.0
2019-02-06,23,15.0
2019-02-06,24,12.5
2019-02-07,1,10.0
2019-02-07,2,8.5
2019-02-07,3,8.5
2019-02-07,4,9.0
2019-02-07,5,12.0
2019-02-07,6,15.5
2019-02-07,7,19.5
2019-02-07,8,23.0
2019-02-07,9,22.0
2019-02-07,10,17.5
2019-02-07,11,12.5
2019-02-07,12,9.0
2019-02-07,13,5.5
2019-02-07,14,2.5
2019-02-07,15,2.0
2019-02-07,16,3.5
2019-02-07,17,3.5
2019-02-07,18,4.5
2019-02-07,19,6.5
2019-02-07,20,11.5
2019-02-07,21,20.0
2019-02-07,22,32.5
2019-02-07,23,42.5
2019-02-07,24,55.0
2019-02-08,1,71.0
2019-02-08,2,79.5
2019-02-08,3,82.0
2019-02-08,4,94.5
2019-02-08,5,110.0
2019-02-08,6,126.0
2019-02-08,7,139.0
2019-02-08,8,124.0
2019-02-08,9,66.5
2019-02-08,10,14.5
2019-02-08,11,1.5
2019-02-08,12,1.5
2019-02-08,13,11.0
2019-02-08,14,24.0
2019-02-08,15,32.0
2019-02-08,16,25.5
2019-02-08,17,8.0
2019-02-08,18,4.5
2019-02-08,19,14.5
2019-02-08,20,19.5
2019-02-08,21,19.0
2019-02-08,22,17.5
2019-02-08,23,16.5
2019-02-08,24,15.0
2019-02-09,1,14.5
2019-02-09,2,15.5
2019-02-09,3,18.0
2019-02-09,4,20.0
2019-02-09,5,21.0
2019-02-09,6,21.5
2019-02-09,7,22.5
2019-02-09,8,20.0
2019-02-09,9,10.0
2019-02-09,10,5.5
2019-02-09,11,6.0
2019-02-09,12,8.5
2019-02-09,13,11.0
2019-02-09,14,11.5
2019-02-09,15,23.5
2019-02-09,16,32.0
2019-02-09,17,26.5
2019-02-09,18,13.5
2019-02-09,19,14.0
2019-02-09,20,19.0
2019-02-09,21,22.0
2019-02-09,22,24.5
2019-02-09,23,22.5
2019-02-09,24,19.0
2019-02-10,1,21.5
2019-02-10,2,20.5
2019-02-10,3,15.5
2019-02-10,4,12.5
2019-02-10,5,11.0
2019-02-10,6,10.0
2019-02-10,7,10.0
2019-02-10,8,12.5
2019-02-10,9,11.0
2019-02-10,10,5.5
2019-02-10,11,1.5
2019-02-10,12,2.5
2019-02-10,13,4.0
2019-02-10,14,10.5
2019-02-10,15,20.5
2019-02-10,16,41.0
2019-02-10,17,38.0
2019-02-10,18,46.0
2019-02-10,19,104.0
2019-02-10,20,163.0
2019-02-10,21,145.5
2019-02-10,22,116.5
2019-02-10,23,128.5
2019-02-10,24,165.5
2019-02-11,1,181.0
2019-02-11,2,146.5
2019-02-11,3,140.5
2019-02-11,4,216.0
2019-02-11,5,284.0
2019-02-11,6,273.0
2019-02-11,7,261.5
2019-02-11,8,233.0
2019-02-11,9,200.5
2019-02-11,10,231.5
2019-02-11,11,311.0
2019-02-11,12,355.0
2019-02-11,13,364.0
2019-02-11,14,357.0
2019-02-11,15,328.0
2019-02-11,16,280.5
2019-02-11,17,242.5
2019-02-11,18,206.5
2019-02-11,19,165.0
2019-02-11,20,115.0
2019-02-11,21,93.0
2019-02-11,22,105.5
2019-02-11,23,133.0
2019-02-11,24,136.0
2019-02-12,1,118.5
2019-02-12,2,112.5
2019-02-12,3,125.5
2019-02-12,4,154.5
2019-02-12,5,212.5
2019-02-12,6,258.0
2019-02-12,7,248.0
2019-02-12,8,202.0
2019-02-12,9,133.0
2019-02-12,10,70.0
2019-02-12,11,34.0
2019-02-12,12,24.5
2019-02-12,13,18.0
2019-02-12,14,22.5
2019-02-12,15,30.5
2019-02-12,16,40.0
2019-02-12,17,52.0
2019-02-12,18,69.5
2019-02-12,19,83.5
2019-02-12,20,83.5
2019-02-12,21,62.0
2019-02-12,22,34.0
2019-02-12,23,17.0
2019-02-12,24,18.0
2019-02-13,1,22.5
2019-02-13,2,26.5
2019-02-13,3,27.0
2019-02-13,4,24.5
2019-02-13,5,22.0
2019-02-13,6,20.5
2019-02-13,7,21.0
2019-02-13,8,20.5
2019-02-13,9,11.5
2019-02-13,10,6.0
2019-02-13,11,6.5
2019-02-13,12,4.5
2019-02-13,13,1.0
2019-02-13,14,1.0
2019-02-13,15,5.0
2019-02-13,16,8.0
2019-02-13,17,7.0
2019-02-13,18,8.0
2019-02-13,19,10.0
2019-02-13,20,10.0
2019-02-13,21,8.5
2019-02-13,22,6.5
2019-02-13,23,5.5
2019-02-13,24,5.5
2019-02-14,1,6.5
2019-02-14,2,7.5
2019-02-14,3,10.5
2019-02-14,4,16.5
2019-02-14,5,23.0
2019-02-14,6,28.5
2019-02-14,7,30.5
2019-02-14,8,29.0
2019-02-14,9,22.0
2019-02-14,10,10.0
2019-02-14,11,4.0
2019-02-14,12,2.0
2019-02-14,13,2.0
2019-02-14,14,2.5
2019-02-14,15,3.5
2019-02-14,16,5.5
2019-02-14,17,7.5
2019-02-14,18,9.0
2019-02-14,19,9.5
2019-02-14,20,9.5
2019-02-14,21,9.5
2019-02-14,22,10.0
2019-02-14,23,10.5
2019-02-14,24,11.0
2019-02-15,1,13.0
2019-02-15,2,14.5
2019-02-15,3,15.5
2019-02-15,4,15.5
2019-02-15,5,15.0
2019-02-15,6,14.0
2019-02-15,7,16.5
2019-02-15,8,17.0
2019-02-15,9,13.5
2019-02-15,10,7.0
2019-02-15,11,3.0
2019-02-15,12,1.5
2019-02-15,13,2.0
2019-02-15,14,2.5
2019-02-15,15,4.0
2019-02-15,16,9.5
2019-02-15,17,21.0
2019-02-15,18,29.0
2019-02-15,19,27.0
2019-02-15,20,19.0
2019-02-15,21,16.5
2019-02-15,22,18.5
2019-02-15,23,18.0
2019-02-15,24,17.5
2019-02-16,1,18.0
2019-02-16,2,18.5
2019-02-16,3,16.0
2019-02-16,4,14.0
2019-02-16,5,15.5
2019-02-16,6,19.5
2019-02-16,7,22.5
2019-02-16,8,23.5
2019-02-16,9,17.0
2019-02-16,10,5.5
2019-02-16,11,1.0
2019-02-16,12,1.5
2019-02-16,13,5.5
2019-02-16,14,7.5
2019-02-16,15,7.0
2019-02-16,16,4.5
2019-02-16,17,2.5
2019-02-16,18,7.0
2019-02-16,19,9.5
2019-02-16,20,11.0
2019-02-16,21,11.5
2019-02-16,22,9.0
2019-02-16,23,6.0
2019-02-16,24,4.0
2019-02-17,1,4.5
2019-02-17,2,7.0
2019-02-17,3,9.0
2019-02-17,4,10.0
2019-02-17,5,10.0
2019-02-17,6,8.0
2019-02-17,7,7.0
2019-02-17,8,6.5
2019-02-17,9,4.0
2019-02-17,10,2.0
2019-02-17,11,0.5
2019-02-17,12,1.5
2019-02-17,13,3.5
2019-02-17,14,5.5
2019-02-17,15,6.0
2019-02-17,16,7.5
2019-02-17,17,5.5
2019-02-17,18,3.5
2019-02-17,19,9.0
2019-02-17,20,16.0
2019-02-17,21,20.0
2019-02-17,22,22.0
2019-02-17,23,21.5
2019-02-17,24,19.5
2019-02-18,1,17.5
2019-02-18,2,17.0
2019-02-18,3,16.5
2019-02-18,4,15.5
2019-02-18,5,15.5
2019-02-18,6,15.5
2019-02-18,7,15.0
2019-02-18,8,14.0
2019-02-18,9,9.0
2019-02-18,10,4.5
2019-02-18,11,1.5
2019-02-18,12,0.5
2019-02-18,13,1.0
2019-02-18,14,1.5
2019-02-18,15,7.5
2019-02-18,16,15.5
2019-02-18,17,22.5
2019-02-18,18,12.5
2019-02-18,19,17.5
2019-02-18,20,22.5
2019-02-18,21,19.0
2019-02-18,22,15.0
2019-02-18,23,12.5
2019-02-18,24,13.5
2019-02-19,1,14.5
2019-02-19,2,15.5
2019-02-19,3,17.0
2019-02-19,4,17.5
2019-02-19,5,19.0
2019-02-19,6,18.5
2019-02-19,7,18.5
2019-02-19,8,17.5
2019-02-19,9,8.0
2019-02-19,10,2.0
2019-02-19,11,1.0
2019-02-19,12,1.5
2019-02-19,13,2.0
2019-02-19,14,3.0
2019-02-19,15,9.5
2019-02-19,16,19.0
2019-02-19,17,31.5
2019-02-19,18,31.5
2019-02-19,19,35.0
2019-02-19,20,37.0
2019-02-19,21,35.0
2019-02-19,22,31.0
2019-02-19,23,24.5
2019-02-19,24,20.5
2019-02-20,1,16.5
2019-02-20,2,15.5
2019-02-20,3,17.5
2019-02-20,4,21.0
2019-02-20,5,26.5
2019-02-20,6,29.0
2019-02-20,7,27.5
2019-02-20,8,22.5
2019-02-20,9,8.5
2019-02-20,10,2.5
2019-02-20,11,0.5
2019-02-20,12,1.0
2019-02-20,13,1.5
2019-02-20,14,2.5
2019-02-20,15,6.5
2019-02-20,16,10.5
2019-02-20,17,10.5
2019-02-20,18,14.5
2019-02-20,19,30.0
2019-02-20,20,39.0
2019-02-20,21,41.0
2019-02-20,22,37.0
2019-02-20,23,30.5
2019-02-20,24,24.5
2019-02-21,1,19.5
2019-02-21,2,19.0
2019-02-21,3,21.5
2019-02-21,4,25.0
2019-02-21,5,30.0
2019-02-21,6,32.0
2019-02-21,7,33.5
2019-02-21,8,31.0
2019-02-21,9,16.5
2019-02-21,10,2.0
2019-02-21,11,1.0
2019-02-21,12,1.0
2019-02-21,13,1.5
2019-02-21,14,3.0
2019-02-21,15,5.0
2019-02-21,16,8.5
2019-02-21,17,19.5
2019-02-21,18,41.0
2019-02-21,19,61.5
2019-02-21,20,72.5
2019-02-21,21,72.0
2019-02-21,22,68.5
2019-02-21,23,66.5
2019-02-21,24,70.0
2019-02-22,1,75.5
2019-02-22,2,79.5
2019-02-22,3,76.0
2019-02-22,4,68.5
2019-02-22,5,79.5
2019-02-22,6,95.0
2019-02-22,7,98.5
2019-02-22,8,89.0
2019-02-22,9,50.5
2019-02-22,10,7.0
2019-02-22,11,2.0
2019-02-22,12,3.0
2019-02-22,13,5.5
2019-02-22,14,24.0
2019-02-22,15,50.5
2019-02-22,16,67.0
2019-02-22,17,73.0
2019-02-22,18,63.5
2019-02-22,19,38.5
2019-02-22,20,23.5
2019-02-22,21,20.5
2019-02-22,22,15.0
2019-02-22,23,10.0
2019-02-22,24,9.5
2019-02-23,1,13.5
2019-02-23,2,28.5
2019-02-23,3,42.0
2019-02-23,4,63.0
2019-02-23,5,109.0
2019-02-23,6,143.0
2019-02-23,7,149.5
2019-02-23,8,135.0
2019-02-23,9,129.0
2019-02-23,10,120.5
2019-02-23,11,94.0
2019-02-23,12,57.0
2019-02-23,13,30.0
2019-02-23,14,20.5
2019-02-23,15,26.5
2019-02-23,16,26.5
2019-02-23,17,24.0
2019-02-23,18,13.0
2019-02-23,19,4.0
2019-02-23,20,5.0
2019-02-23,21,5.0
2019-02-23,22,5.0
2019-02-23,23,3.5
2019-02-23,24,3.0
2019-02-24,1,6.0
2019-02-24,2,11.0
2019-02-24,3,14.5
2019-02-24,4,15.0
2019-02-24,5,15.0
2019-02-24,6,14.5
2019-02-24,7,11.0
2019-02-24,8,8.5
2019-02-24,9,6.0
2019-02-24,10,4.0
2019-02-24,11,2.0
2019-02-24,12,1.0
2019-02-24,13,1.0
2019-02-24,14,0.5
2019-02-24,15,0.5
2019-02-24,16,5.0
2019-02-24,17,13.5
2019-02-24,18,19.0
2019-02-24,19,23.5
2019-02-24,20,21.5
2019-02-24,21,13.5
2019-02-24,22,7.5
2019-02-24,23,5.5
2019-02-24,24,4.5
2019-02-25,1,4.5
2019-02-25,2,6.0
2019-02-25,3,8.0
2019-02-25,4,10.0
2019-02-25,5,12.5
2019-02-25,6,12.0
2019-02-25,7,8.5
2019-02-25,8,8.5
2019-02-25,9,3.5
2019-02-25,10,0.5
2019-02-25,11,0.0
2019-02-25,12,0.0
2019-02-25,13,0.5
2019-02-25,14,1.0
2019-02-25,15,5.5
2019-02-25,16,9.5
2019-02-25,17,5.5
2019-02-25,18,1.0
2019-02-25,19,4.0
2019-02-25,20,19.0
2019-02-25,21,29.5
2019-02-25,22,25.5
2019-02-25,23,17.5
2019-02-25,24,14.0
2019-02-26,1,14.0
2019-02-26,2,14.0
2019-02-26,3,14.5
2019-02-26,4,14.5
2019-02-26,5,19.5
2019-02-26,6,26.0
2019-02-26,7,30.0
2019-02-26,8,31.0
2019-02-26,9,22.0
2019-02-26,10,12.0
2019-02-26,11,10.0
2019-02-26,12,5.5
2019-02-26,13,2.5
2019-02-26,14,9.5
2019-02-26,15,11.5
2019-02-26,16,9.0
2019-02-26,17,16.0
2019-02-26,18,32.0
2019-02-26,19,43.0
2019-02-26,20,45.0
2019-02-26,21,41.5
2019-02-26,22,30.5
2019-02-26,23,18.0
2019-02-26,24,10.0
2019-02-27,1,7.0
2019-02-27,2,6.5
2019-02-27,3,6.5
2019-02-27,4,6.5
2019-02-27,5,10.5
2019-02-27,6,16.5
2019-02-27,7,16.5
2019-02-27,8,12.5
2019-02-27,9,9.5
2019-02-27,10,4.0
2019-02-27,11,3.0
2019-02-27,12,2.0
2019-02-27,13,4.0
2019-02-27,14,8.0
2019-02-27,15,8.0
2019-02-27,16,8.0
2019-02-27,17,7.0
2019-02-27,18,4.0
2019-02-27,19,7.5
2019-02-27,20,10.5
2019-02-27,21,11.5
2019-02-27,22,11.0
2019-02-27,23,10.0
2019-02-27,24,10.0
2019-02-28,1,11.5
2019-02-28,2,13.5
2019-02-28,3,18.0
2019-02-28,4,25.5
2019-02-28,5,38.5
2019-02-28,6,50.0
2019-02-28,7,56.0
2019-02-28,8,50.5
2019-02-28,9,32.5
2019-02-28,10,31.0
2019-02-28,11,36.5
2019-02-28,12,36.0
2019-02-28,13,37.5
2019-02-28,14,43.5
2019-02-28,15,56.0
2019-02-28,16,75.5
2019-02-28,17,107.0
2019-02-28,18,142.5
2019-02-28,19,183.0
2019-02-28,20,207.0
2019-02-28,21,229.5
2019-02-28,22,242.0
2019-02-28,23,233.5
2019-02-28,24,218.0
2019-03-01,1,197.0
2019-03-01,2,167.0
2019-03-01,3,140.0
2019-03-01,4,132.0
2019-03-01,5,135.0
2019-03-01,6,148.5
2019-03-01,7,159.0
2019-03-01,8,140.5
2019-03-01,9,127.0
2019-03-01,10,137.5
2019-03-01,11,154.0
2019-03-01,12,182.0
2019-03-01,13,207.0
2019-03-01,14,215.0
2019-03-01,15,196.0
2019-03-01,16,150.0
2019-03-01,17,148.0
2019-03-01,18,164.5
2019-03-01,19,167.5
2019-03-01,20,167.0
2019-03-01,21,180.0
2019-03-01,22,177.5
2019-03-01,23,154.5
2019-03-01,24,122.0
2019-03-02,1,92.5
2019-03-02,2,87.5
2019-03-02,3,94.5
2019-03-02,4,102.5
2019-03-02,5,110.0
2019-03-02,6,120.5
2019-03-02,7,130.5
2019-03-02,8,105.5
2019-03-02,9,50.5
2019-03-02,10,14.5
2019-03-02,11,7.5
2019-03-02,12,8.5
2019-03-02,13,12.5
2019-03-02,14,18.0
2019-03-02,15,24.5
2019-03-02,16,23.5
2019-03-02,17,12.5
2019-03-02,18,5.5
2019-03-02,19,20.0
2019-03-02,20,50.5
2019-03-02,21,89.5
2019-03-02,22,127.0
2019-03-02,23,124.5
2019-03-02,24,124.5
2019-03-03,1,147.5
2019-03-03,2,164.0
2019-03-03,3,147.5
2019-03-03,4,115.5
2019-03-03,5,91.0
2019-03-03,6,77.0
2019-03-03,7,68.0
2019-03-03,8,48.5
2019-03-03,9,13.5
2019-03-03,10,2.5
2019-03-03,11,2.5
2019-03-03,12,3.0
2019-03-03,13,4.0
2019-03-03,14,10.0
2019-03-03,15,39.0
2019-03-03,16,61.0
2019-03-03,17,71.0
2019-03-03,18,44.0
2019-03-03,19,18.5
2019-03-03,20,12.5
2019-03-03,21,17.0
2019-03-03,22,19.5
2019-03-03,23,18.5
2019-03-03,24,19.0
2019-03-04,1,22.0
2019-03-04,2,21.0
2019-03-04,3,20.0
2019-03-04,4,20.5
2019-03-04,5,20.5
2019-03-04,6,22.5
2019-03-04,7,24.5
2019-03-04,8,19.5
2019-03-04,9,14.5
2019-03-04,10,6.5
2019-03-04,11,18.0
2019-03-04,12,27.0
2019-03-04,13,43.5
2019-03-04,14,87.5
2019-03-04,15,152.0
2019-03-04,16,225.5
2019-03-04,17,266.0
2019-03-04,18,256.5
2019-03-04,19,252.0
2019-03-04,20,224.5
2019-03-04,21,155.5
2019-03-04,22,89.5
2019-03-04,23,61.5
2019-03-04,24,56.5
2019-03-05,1,51.0
2019-03-05,2,53.0
2019-03-05,3,55.5
2019-03-05,4,51.0
2019-03-05,5,50.5
2019-03-05,6,52.5
2019-03-05,7,51.0
2019-03-05,8,44.0
2019-03-05,9,49.5
2019-03-05,10,45.0
2019-03-05,11,29.0
2019-03-05,12,19.0
2019-03-05,13,13.5
2019-03-05,14,8.0
2019-03-05,15,8.5
2019-03-05,16,9.0
2019-03-05,17,8.5
2019-03-05,18,32.0
2019-03-05,19,34.0
2019-03-05,20,28.5
2019-03-05,21,24.0
2019-03-05,22,22.5
2019-03-05,23,21.5
2019-03-05,24,21.5
2019-03-06,1,19.0
2019-03-06,2,17.0
2019-03-06,3,22.0
2019-03-06,4,29.0
2019-03-06,5,33.5
2019-03-06,6,38.0
2019-03-06,7,42.0
2019-03-06,8,38.5
2019-03-06,9,26.5
2019-03-06,10,15.0
2019-03-06,11,10.5
2019-03-06,12,14.5
2019-03-06,13,30.5
2019-03-06,14,56.0
2019-03-06,15,103.5
2019-03-06,16,133.0
2019-03-06,17,117.5
2019-03-06,18,94.0
2019-03-06,19,70.0
2019-03-06,20,44.5
2019-03-06,21,36.0
2019-03-06,22,37.0
2019-03-06,23,39.0
2019-03-06,24,39.0
2019-03-07,1,42.5
2019-03-07,2,43.0
2019-03-07,3,45.0
2019-03-07,4,50.0
2019-03-07,5,39.5
2019-03-07,6,28.5
2019-03-07,7,22.5
2019-03-07,8,18.0
2019-03-07,9,17.0
2019-03-07,10,24.5
2019-03-07,11,35.0
2019-03-07,12,42.0
2019-03-07,13,42.0
2019-03-07,14,35.5
2019-03-07,15,27.0
2019-03-07,16,19.0
2019-03-07,17,15.0
2019-03-07,18,14.5
2019-03-07,19,19.0
2019-03-07,20,26.5
2019-03-07,21,30.5
2019-03-07,22,31.5
2019-03-07,23,27.5
2019-03-07,24,23.0
2019-03-08,1,22.0
2019-03-08,2,24.0
2019-03-08,3,27.5
2019-03-08,4,29.5
2019-03-08,5,32.0
2019-03-08,6,38.0
2019-03-08,7,43.0
2019-03-08,8,33.5
2019-03-08,9,27.0
2019-03-08,10,10.0
2019-03-08,11,2.0
2019-03-08,12,2.0
2019-03-08,13,3.5
2019-03-08,14,4.5
2019-03-08,15,5.5
2019-03-08,16,10.0
2019-03-08,17,21.0
2019-03-08,18,25.0
2019-03-08,19,23.5
2019-03-08,20,27.0
2019-03-08,21,24.5
2019-03-08,22,28.5
2019-03-08,23,32.0
2019-03-08,24,34.0
2019-03-09,1,31.5
2019-03-09,2,37.5
2019-03-09,3,49.5
2019-03-09,4,50.5
2019-03-09,5,51.5
2019-03-09,6,56.5
2019-03-09,7,57.0
2019-03-09,8,41.0
2019-03-09,9,21.0
2019-03-09,10,13.5
2019-03-09,11,12.5
2019-03-09,12,15.0
2019-03-09,13,18.5
2019-03-09,14,20.5
2019-03-09,15,25.5
2019-03-09,16,30.0
2019-03-09,17,41.0
2019-03-09,18,38.0
2019-03-09,19,48.0
2019-03-09,20,53.0
2019-03-09,21,59.0
2019-03-09,22,78.5
2019-03-09,23,90.0
2019-03-09,24,84.0
2019-03-10,1,81.5
2019-03-10,2,83.5
2019-03-10,3,76.0
2019-03-10,4,63.5
2019-03-10,5,56.5
2019-03-10,6,57.0
2019-03-10,7,61.0
2019-03-10,8,59.5
2019-03-10,9,58.5
2019-03-10,10,74.5
2019-03-10,11,91.5
2019-03-10,12,116.5
2019-03-10,13,140.0
2019-03-10,14,158.0
2019-03-10,15,179.5
2019-03-10,16,202.5
2019-03-10,17,229.5
2019-03-10,18,241.0
2019-03-10,19,232.0
2019-03-10,20,227.0
2019-03-10,21,224.5
2019-03-10,22,212.0
2019-03-10,23,184.0
2019-03-10,24,161.5
2019-03-11,1,150.0
2019-03-11,2,153.0
2019-03-11,3,170.5
2019-03-11,4,200.0
2019-03-11,5,236.0
2019-03-11,6,218.0
2019-03-11,7,185.5
2019-03-11,8,190.5
2019-03-11,9,245.5
2019-03-11,10,323.5
2019-03-11,11,380.5
2019-03-11,12,416.5
2019-03-11,13,435.0
2019-03-11,14,441.5
2019-03-11,15,440.5
2019-03-11,16,406.0
2019-03-11,17,339.0
2019-03-11,18,318.0
2019-03-11,19,308.5
2019-03-11,20,265.5
2019-03-11,21,214.5
2019-03-11,22,188.0
2019-03-11,23,162.5
2019-03-11,24,127.0
2019-03-12,1,79.5
2019-03-12,2,42.5
2019-03-12,3,28.5
2019-03-12,4,39.0
2019-03-12,5,56.5
2019-03-12,6,73.0
2019-03-12,7,71.5
2019-03-12,8,32.0
2019-03-12,9,5.5
2019-03-12,10,20.5
2019-03-12,11,16.0
2019-03-12,12,17.0
2019-03-12,13,31.0
2019-03-12,14,60.0
2019-03-12,15,78.0
2019-03-12,16,100.5
2019-03-12,17,116.5
2019-03-12,18,77.5
2019-03-12,19,24.0
2019-03-12,20,11.5
2019-03-12,21,9.5
2019-03-12,22,7.0
2019-03-12,23,7.5
2019-03-12,24,7.0
2019-03-13,1,9.5
2019-03-13,2,6.0
2019-03-13,3,12.5
2019-03-13,4,18.5
2019-03-13,5,18.5
2019-03-13,6,19.0
2019-03-13,7,24.5
2019-03-13,8,38.0
2019-03-13,9,80.5
2019-03-13,10,83.5
2019-03-13,11,74.0
2019-03-13,12,83.5
2019-03-13,13,109.5
2019-03-13,14,152.5
2019-03-13,15,189.0
2019-03-13,16,172.5
2019-03-13,17,141.0
2019-03-13,18,144.5
2019-03-13,19,148.5
2019-03-13,20,142.0
2019-03-13,21,140.0
2019-03-13,22,151.5
2019-03-13,23,155.5
2019-03-13,24,144.5
2019-03-14,1,129.5
2019-03-14,2,110.0
2019-03-14,3,89.5
2019-03-14,4,88.0
2019-03-14,5,91.0
2019-03-14,6,109.5
2019-03-14,7,120.5
2019-03-14,8,103.0
2019-03-14,9,93.0
2019-03-14,10,67.0
2019-03-14,11,58.5
2019-03-14,12,66.5
2019-03-14,13,77.5
2019-03-14,14,96.5
2019-03-14,15,106.5
2019-03-14,16,120.5
2019-03-14,17,145.5
2019-03-14,18,161.5
2019-03-14,19,176.5
2019-03-14,20,183.0
2019-03-14,21,189.0
2019-03-14,22,207.5
2019-03-14,23,240.0
2019-03-14,24,264.0
2019-03-15,1,255.5
2019-03-15,2,237.0
2019-03-15,3,212.5
2019-03-15,4,203.5
2019-03-15,5,184.5
2019-03-15,6,177.5
2019-03-15,7,177.5
2019-03-15,8,158.0
2019-03-15,9,129.5
2019-03-15,10,137.0
2019-03-15,11,158.0
2019-03-15,12,180.0
2019-03-15,13,206.5
2019-03-15,14,233.0
2019-03-15,15,230.5
2019-03-15,16,215.5
2019-03-15,17,239.5
2019-03-15,18,278.5
2019-03-15,19,297.5
2019-03-15,20,300.5
2019-03-15,21,289.0
2019-03-15,22,281.0
2019-03-15,23,250.5
2019-03-15,24,235.0
2019-03-16,1,223.5
2019-03-16,2,206.5
2019-03-16,3,203.5
2019-03-16,4,218.5
2019-03-16,5,241.5
2019-03-16,6,263.0
2019-03-16,7,244.0
2019-03-16,8,158.5
2019-03-16,9,56.0
2019-03-16,10,26.5
2019-03-16,11,23.5
2019-03-16,12,21.5
2019-03-16,13,20.5
2019-03-16,14,22.5
2019-03-16,15,25.0
2019-03-16,16,35.5
2019-03-16,17,47.5
2019-03-16,18,63.5
2019-03-16,19,74.0
2019-03-16,20,77.0
2019-03-16,21,67.0
2019-03-16,22,56.0
2019-03-16,23,46.5
2019-03-16,24,37.0
2019-03-17,1,29.5
2019-03-17,2,24.0
2019-03-17,3,20.5
2019-03-17,4,17.0
2019-03-17,5,13.5
2019-03-17,6,12.0
2019-03-17,7,10.0
2019-03-17,8,8.0
2019-03-17,9,5.5
2019-03-17,10,6.0
2019-03-17,11,23.0
2019-03-17,12,67.0
2019-03-17,13,85.5
2019-03-17,14,90.0
2019-03-17,15,95.0
2019-03-17,16,102.0
2019-03-17,17,102.5
2019-03-17,18,66.5
2019-03-17,19,24.5
2019-03-17,20,25.0
2019-03-17,21,30.5
2019-03-17,22,36.5
2019-03-17,23,56.5
2019-03-17,24,77.0
2019-03-18,1,93.5
2019-03-18,2,146.0
2019-03-18,3,182.5
2019-03-18,4,125.5
2019-03-18,5,80.0
2019-03-18,6,59.5
2019-03-18,7,56.0
2019-03-18,8,67.0
2019-03-18,9,107.5
2019-03-18,10,127.5
2019-03-18,11,137.5
2019-03-18,12,133.5
2019-03-18,13,117.0
2019-03-18,14,99.5
2019-03-18,15,89.5
2019-03-18,16,89.5
2019-03-18,17,88.5
2019-03-18,18,96.0
2019-03-18,19,100.0
2019-03-18,20,99.0
2019-03-18,21,93.0
2019-03-18,22,93.0
2019-03-18,23,72.0
2019-03-18,24,50.5
2019-03-19,1,34.5
2019-03-19,2,21.0
2019-03-19,3,13.5
2019-03-19,4,11.5
2019-03-19,5,12.0
2019-03-19,6,14.0
2019-03-19,7,17.0
2019-03-19,8,12.5
2019-03-19,9,24.0
2019-03-19,10,31.0
2019-03-19,11,32.5
2019-03-19,12,30.5
2019-03-19,13,29.0
2019-03-19,14,29.5
2019-03-19,15,32.5
2019-03-19,16,35.0
2019-03-19,17,41.0
2019-03-19,18,41.0
2019-03-19,19,25.0
2019-03-19,20,11.5
2019-03-19,21,5.0
2019-03-19,22,2.0
2019-03-19,23,5.0
2019-03-19,24,11.5
2019-03-20,1,20.0
2019-03-20,2,22.5
2019-03-20,3,20.0
2019-03-20,4,17.5
2019-03-20,5,23.0
2019-03-20,6,26.5
2019-03-20,7,21.5
2019-03-20,8,11.0
2019-03-20,9,10.0
2019-03-20,10,11.0
2019-03-20,11,7.5
2019-03-20,12,5.5
2019-03-20,13,4.5
2019-03-20,14,4.0
2019-03-20,15,6.5
2019-03-20,16,10.5
2019-03-20,17,15.5
2019-03-20,18,18.0
2019-03-20,19,11.0
2019-03-20,20,7.0
2019-03-20,21,5.0
2019-03-20,22,4.0
2019-03-20,23,6.5
2019-03-20,24,11.5
2019-03-21,1,18.5
2019-03-21,2,26.5
2019-03-21,3,31.0
2019-03-21,4,29.0
2019-03-21,5,28.5
2019-03-21,6,34.0
2019-03-21,7,36.5
2019-03-21,8,22.5
2019-03-21,9,20.5
2019-03-21,10,22.5
2019-03-21,11,23.5
2019-03-21,12,21.5
2019-03-21,13,19.5
2019-03-21,14,17.5
2019-03-21,15,17.5
2019-03-21,16,18.0
2019-03-21,17,15.0
2019-03-21,18,4.0
2019-03-21,19,2.5
2019-03-21,20,10.5
2019-03-21,21,25.5
2019-03-21,22,35.5
2019-03-21,23,35.5
2019-03-21,24,31.5
2019-03-22,1,27.0
2019-03-22,2,23.0
2019-03-22,3,19.5
2019-03-22,4,16.0
2019-03-22,5,17.5
2019-03-22,6,21.0
2019-03-22,7,22.5
2019-03-22,8,11.5
2019-03-22,9,7.0
2019-03-22,10,5.5
2019-03-22,11,3.0
2019-03-22,12,3.0
2019-03-22,13,3.5
2019-03-22,14,5.0
2019-03-22,15,9.5
2019-03-22,16,12.5
2019-03-22,17,15.5
2019-03-22,18,7.0
2019-03-22,19,7.0
2019-03-22,20,15.0
2019-03-22,21,20.0
2019-03-22,22,21.5
2019-03-22,23,17.0
2019-03-22,24,12.5
2019-03-23,1,11.0
2019-03-23,2,11.0
2019-03-23,3,10.5
2019-03-23,4,9.5
2019-03-23,5,10.0
2019-03-23,6,15.0
2019-03-23,7,17.5
2019-03-23,8,8.5
2019-03-23,9,2.5
2019-03-23,10,6.5
2019-03-23,11,4.0
2019-03-23,12,2.5
2019-03-23,13,2.0
2019-03-23,14,6.5
2019-03-23,15,21.5
2019-03-23,16,24.0
2019-03-23,17,27.0
2019-03-23,18,16.0
2019-03-23,19,4.0
2019-03-23,20,3.5
2019-03-23,21,5.5
2019-03-23,22,8.5
2019-03-23,23,12.5
2019-03-23,24,14.0
2019-03-24,1,13.0
2019-03-24,2,13.5
2019-03-24,3,14.5
2019-03-24,4,15.5
2019-03-24,5,18.0
2019-03-24,6,22.5
2019-03-24,7,24.5
2019-03-24,8,9.0
2019-03-24,9,0.5
2019-03-24,10,1.0
2019-03-24,11,1.5
2019-03-24,12,2.5
2019-03-24,13,8.0
2019-03-24,14,17.0
2019-03-24,15,22.0
2019-03-24,16,29.5
2019-03-24,17,47.5
2019-03-24,18,54.5
2019-03-24,19,32.0
2019-03-24,20,28.5
2019-03-24,21,34.5
2019-03-24,22,38.5
2019-03-24,23,43.0
2019-03-24,24,50.5
2019-03-25,1,57.5
2019-03-25,2,65.0
2019-03-25,3,75.5
2019-03-25,4,97.0
2019-03-25,5,126.0
2019-03-25,6,145.0
2019-03-25,7,129.5
2019-03-25,8,67.0
2019-03-25,9,26.0
2019-03-25,10,12.5
2019-03-25,11,9.5
2019-03-25,12,14.0
2019-03-25,13,19.0
2019-03-25,14,31.0
2019-03-25,15,58.5
2019-03-25,16,123.5
2019-03-25,17,219.5
2019-03-25,18,309.5
2019-03-25,19,321.0
2019-03-25,20,299.0
2019-03-25,21,267.5
2019-03-25,22,239.5
2019-03-25,23,225.5
2019-03-25,24,228.5
2019-03-26,1,246.0
2019-03-26,2,255.0
2019-03-26,3,227.0
2019-03-26,4,198.5
2019-03-26,5,157.5
2019-03-26,6,101.5
2019-03-26,7,51.0
2019-03-26,8,71.5
2019-03-26,9,112.5
2019-03-26,10,140.0
2019-03-26,11,156.0
2019-03-26,12,165.5
2019-03-26,13,167.0
2019-03-26,14,155.0
2019-03-26,15,131.0
2019-03-26,16,92.5
2019-03-26,17,46.5
2019-03-26,18,23.5
2019-03-26,19,17.5
2019-03-26,20,21.0
2019-03-26,21,34.0
2019-03-26,22,50.5
2019-03-26,23,52.5
2019-03-26,24,36.5
2019-03-27,1,27.0
2019-03-27,2,27.0
2019-03-27,3,23.0
2019-03-27,4,17.5
2019-03-27,5,16.0
2019-03-27,6,19.5
2019-03-27,7,18.5
2019-03-27,8,13.0
2019-03-27,9,18.5
2019-03-27,10,19.0
2019-03-27,11,16.5
2019-03-27,12,18.5
2019-03-27,13,24.5
2019-03-27,14,34.5
2019-03-27,15,37.0
2019-03-27,16,35.5
2019-03-27,17,33.0
2019-03-27,18,25.5
2019-03-27,19,12.5
2019-03-27,20,4.0
2019-03-27,21,2.0
2019-03-27,22,3.5
2019-03-27,23,4.5
2019-03-27,24,6.0
2019-03-28,1,8.0
2019-03-28,2,9.5
2019-03-28,3,11.5
2019-03-28,4,15.0
2019-03-28,5,21.5
2019-03-28,6,27.5
2019-03-28,7,24.0
2019-03-28,8,18.5
2019-03-28,9,19.0
2019-03-28,10,20.5
2019-03-28,11,15.5
2019-03-28,12,13.5
2019-03-28,13,13.5
2019-03-28,14,15.5
2019-03-28,15,17.5
2019-03-28,16,15.5
2019-03-28,17,15.0
2019-03-28,18,12.0
2019-03-28,19,4.5
2019-03-28,20,3.5
2019-03-28,21,9.0
2019-03-28,22,13.5
2019-03-28,23,15.5
2019-03-28,24,18.5
2019-03-29,1,23.0
2019-03-29,2,28.5
2019-03-29,3,31.0
2019-03-29,4,27.5
2019-03-29,5,22.5
2019-03-29,6,20.5
2019-03-29,7,17.0
2019-03-29,8,6.0
2019-03-29,9,4.5
2019-03-29,10,4.5
2019-03-29,11,4.5
2019-03-29,12,4.0
2019-03-29,13,4.0
2019-03-29,14,4.5
2019-03-29,15,7.0
2019-03-29,16,16.0
2019-03-29,17,22.5
2019-03-29,18,23.5
2019-03-29,19,11.5
2019-03-29,20,5.0
2019-03-29,21,9.0
2019-03-29,22,16.5
2019-03-29,23,23.5
2019-03-29,24,21.5
2019-03-30,1,17.0
2019-03-30,2,13.0
2019-03-30,3,9.0
2019-03-30,4,7.5
2019-03-30,5,11.5
2019-03-30,6,19.0
2019-03-30,7,25.0
2019-03-30,8,6.5
2019-03-30,9,0.5
2019-03-30,10,0.5
2019-03-30,11,0.5
2019-03-30,12,0.5
2019-03-30,13,1.0
2019-03-30,14,5.5
2019-03-30,15,18.5
2019-03-30,16,25.5
2019-03-30,17,34.0
2019-03-30,18,35.5
2019-03-30,19,22.5
2019-03-30,20,7.0
2019-03-30,21,13.5
2019-03-30,22,22.5
2019-03-30,23,22.5
2019-03-30,24,19.5
2019-03-31,1,15.5
2019-03-31,2,12.0
2019-03-31,3,10.0
2019-03-31,4,11.0
2019-03-31,5,15.5
2019-03-31,6,19.5
2019-03-31,7,18.5
2019-03-31,8,4.0
2019-03-31,9,1.5
2019-03-31,10,0.5
2019-03-31,11,0.5
2019-03-31,12,1.5
2019-03-31,13,5.5
2019-03-31,14,13.0
2019-03-31,15,21.5
2019-03-31,16,26.0
2019-03-31,17,27.0
2019-03-31,18,20.5
2019-03-31,19,9.5
2019-03-31,20,3.0
2019-03-31,21,8.5
2019-03-31,22,17.0
2019-03-31,23,21.5
2019-03-31,24,22.5
2019-04-01,1,24.5
2019-04-01,2,28.0
2019-04-01,3,31.0
2019-04-01,4,36.0
2019-04-01,5,45.0
2019-04-01,6,51.0
2019-04-01,7,48.0
2019-04-01,8,27.0
2019-04-01,9,20.5
2019-04-01,10,17.5
2019-04-01,11,19.5
2019-04-01,12,22.0
2019-04-01,13,22.5
2019-04-01,14,22.5
2019-04-01,15,20.5
2019-04-01,16,15.5
2019-04-01,17,9.0
2019-04-01,18,3.0
2019-04-01,19,4.0
2019-04-01,20,12.0
2019-04-01,21,21.0
2019-04-01,22,29.0
2019-04-01,23,32.5
2019-04-01,24,28.5
2019-04-02,1,26.0
2019-04-02,2,24.5
2019-04-02,3,23.5
2019-04-02,4,23.5
2019-04-02,5,24.5
2019-04-02,6,27.0
2019-04-02,7,31.0
2019-04-02,8,27.0
2019-04-02,9,26.5
2019-04-02,10,23.0
2019-04-02,11,18.5
2019-04-02,12,14.5
2019-04-02,13,12.5
2019-04-02,14,11.0
2019-04-02,15,11.5
2019-04-02,16,18.5
2019-04-02,17,33.0
2019-04-02,18,44.5
2019-04-02,19,39.0
2019-04-02,20,21.0
2019-04-02,21,12.5
2019-04-02,22,11.5
2019-04-02,23,10.0
2019-04-02,24,10.5
2019-04-03,1,10.5
2019-04-03,2,10.0
2019-04-03,3,9.5
2019-04-03,4,8.0
2019-04-03,5,7.0
2019-04-03,6,6.0
2019-04-03,7,3.0
2019-04-03,8,4.5
2019-04-03,9,9.5
2019-04-03,10,23.0
2019-04-03,11,31.5
2019-04-03,12,38.0
2019-04-03,13,47.0
2019-04-03,14,65.0
2019-04-03,15,84.5
2019-04-03,16,110.0
2019-04-03,17,127.0
2019-04-03,18,131.5
2019-04-03,19,133.5
2019-04-03,20,115.5
2019-04-03,21,102.5
2019-04-03,22,96.0
2019-04-03,23,96.5
2019-04-03,24,112.5
2019-04-04,1,146.5
2019-04-04,2,184.5
2019-04-04,3,218.0
2019-04-04,4,230.5
2019-04-04,5,199.0
2019-04-04,6,157.0
2019-04-04,7,91.0
2019-04-04,8,78.0
2019-04-04,9,83.5
2019-04-04,10,72.0
2019-04-04,11,58.5
2019-04-04,12,44.5
2019-04-04,13,70.0
2019-04-04,14,54.0
2019-04-04,15,42.5
2019-04-04,16,39.5
2019-04-04,17,47.5
2019-04-04,18,46.5
2019-04-04,19,52.5
2019-04-04,20,39.0
2019-04-04,21,45.5
2019-04-04,22,91.5
2019-04-04,23,141.5
2019-04-04,24,180.5
2019-04-05,1,184.0
2019-04-05,2,172.5
2019-04-05,3,203.0
2019-04-05,4,200.5
2019-04-05,5,171.5
2019-04-05,6,121.5
2019-04-05,7,52.0
2019-04-05,8,9.0
2019-04-05,9,2.5
2019-04-05,10,1.5
2019-04-05,11,1.0
2019-04-05,12,1.0
2019-04-05,13,5.5
2019-04-05,14,19.5
2019-04-05,15,40.0
2019-04-05,16,58.5
2019-04-05,17,78.5
2019-04-05,18,77.0
2019-04-05,19,56.0
2019-04-05,20,20.0
2019-04-05,21,10.0
2019-04-05,22,12.5
2019-04-05,23,13.0
2019-04-05,24,17.5
2019-04-06,1,19.5
2019-04-06,2,20.0
2019-04-06,3,20.0
2019-04-06,4,23.5
2019-04-06,5,27.5
2019-04-06,6,29.0
2019-04-06,7,22.0
2019-04-06,8,15.5
2019-04-06,9,10.0
2019-04-06,10,3.5
2019-04-06,11,2.0
2019-04-06,12,6.0
2019-04-06,13,23.0
2019-04-06,14,30.5
2019-04-06,15,38.5
2019-04-06,16,46.5
2019-04-06,17,39.5
2019-04-06,18,29.5
2019-04-06,19,30.5
2019-04-06,20,35.0
2019-04-06,21,41.0
2019-04-06,22,42.5
2019-04-06,23,39.5
2019-04-06,24,41.5
2019-04-07,1,46.5
2019-04-07,2,49.5
2019-04-07,3,48.5
2019-04-07,4,48.0
2019-04-07,5,50.5
2019-04-07,6,50.0
2019-04-07,7,42.5
2019-04-07,8,37.0
2019-04-07,9,36.5
2019-04-07,10,34.0
2019-04-07,11,28.0
2019-04-07,12,20.0
2019-04-07,13,15.0
2019-04-07,14,13.0
2019-04-07,15,14.5
2019-04-07,16,12.0
2019-04-07,17,7.0
2019-04-07,18,6.0
2019-04-07,19,3.0
2019-04-07,20,0.5
2019-04-07,21,2.5
2019-04-07,22,7.5
2019-04-07,23,10.0
2019-04-07,24,11.0
2019-04-08,1,13.0
2019-04-08,2,17.5
2019-04-08,3,25.0
2019-04-08,4,30.0
2019-04-08,5,35.5
2019-04-08,6,46.5
2019-04-08,7,41.0
2019-04-08,8,13.0
2019-04-08,9,1.5
2019-04-08,10,0.5
2019-04-08,11,0.0
2019-04-08,12,0.0
2019-04-08,13,0.0
2019-04-08,14,0.0
2019-04-08,15,0.5
2019-04-08,16,4.0
2019-04-08,17,19.0
2019-04-08,18,39.0
2019-04-08,19,46.5
2019-04-08,20,26.5
2019-04-08,21,22.5
2019-04-08,22,24.0
2019-04-08,23,19.5
2019-04-08,24,16.0
2019-04-09,1,15.0
2019-04-09,2,11.5
2019-04-09,3,8.5
2019-04-09,4,9.5
2019-04-09,5,14.5
2019-04-09,6,17.0
2019-04-09,7,10.0
2019-04-09,8,2.5
2019-04-09,9,0.5
2019-04-09,10,0.5
2019-04-09,11,0.5
2019-04-09,12,0.5
2019-04-09,13,1.0
2019-04-09,14,1.5
2019-04-09,15,3.0
2019-04-09,16,7.5
2019-04-09,17,12.5
2019-04-09,18,30.5
2019-04-09,19,50.0
2019-04-09,20,46.0
2019-04-09,21,23.0
2019-04-09,22,8.5
2019-04-09,23,8.5
2019-04-09,24,6.5
2019-04-10,1,5.5
2019-04-10,2,5.5
2019-04-10,3,6.0
2019-04-10,4,8.5
2019-04-10,5,15.5
2019-04-10,6,16.0
2019-04-10,7,7.5
2019-04-10,8,1.5
2019-04-10,9,6.5
2019-04-10,10,12.5
2019-04-10,11,14.5
2019-04-10,12,12.5
2019-04-10,13,9.0
2019-04-10,14,6.5
2019-04-10,15,4.5
2019-04-10,16,2.5
2019-04-10,17,1.0
2019-04-10,18,1.0
2019-04-10,19,3.0
2019-04-10,20,8.5
2019-04-10,21,15.5
2019-04-10,22,21.0
2019-04-10,23,24.0
2019-04-10,24,22.5
2019-04-11,1,23.0
2019-04-11,2,26.5
2019-04-11,3,26.0
2019-04-11,4,21.5
2019-04-11,5,16.0
2019-04-11,6,11.0
2019-04-11,7,7.5
2019-04-11,8,4.0
2019-04-11,9,8.0
2019-04-11,10,21.0
2019-04-11,11,47.5
2019-04-11,12,75.5
2019-04-11,13,95.0
2019-04-11,14,98.0
2019-04-11,15,80.0
2019-04-11,16,47.0
2019-04-11,17,18.0
2019-04-11,18,5.0
2019-04-11,19,2.5
2019-04-11,20,4.0
2019-04-11,21,4.0
2019-04-11,22,4.0
2019-04-11,23,5.0
2019-04-11,24,7.0
2019-04-12,1,12.5
2019-04-12,2,20.5
2019-04-12,3,34.0
2019-04-12,4,42.0
2019-04-12,5,38.0
2019-04-12,6,29.0
2019-04-12,7,21.0
2019-04-12,8,20.5
2019-04-12,9,17.0
2019-04-12,10,13.0
2019-04-12,11,10.5
2019-04-12,12,8.0
2019-04-12,13,1.5
2019-04-12,14,0.5
2019-04-12,15,1.0
2019-04-12,16,7.5
2019-04-12,17,12.5
2019-04-12,18,17.5
2019-04-12,19,15.5
2019-04-12,20,11.5
2019-04-12,21,7.0
2019-04-12,22,6.0
2019-04-12,23,9.5
2019-04-12,24,16.5
2019-04-13,1,29.0
2019-04-13,2,34.5
2019-04-13,3,34.0
2019-04-13,4,27.0
2019-04-13,5,20.0
2019-04-13,6,15.5
2019-04-13,7,13.5
2019-04-13,8,11.5
2019-04-13,9,2.5
2019-04-13,10,1.5
2019-04-13,11,1.0
2019-04-13,12,1.0
2019-04-13,13,14.0
2019-04-13,14,41.0
2019-04-13,15,54.5
2019-04-13,16,64.0
2019-04-13,17,69.0
2019-04-13,18,59.5
2019-04-13,19,45.5
2019-04-13,20,29.5
2019-04-13,21,20.5
2019-04-13,22,20.5
2019-04-13,23,23.5
2019-04-13,24,28.0
2019-04-14,1,31.5
2019-04-14,2,33.0
2019-04-14,3,34.0
2019-04-14,4,37.5
2019-04-14,5,37.0
2019-04-14,6,31.5
2019-04-14,7,29.5
2019-04-14,8,42.0
2019-04-14,9,60.5
2019-04-14,10,63.0
2019-04-14,11,66.5
2019-04-14,12,68.5
2019-04-14,13,75.0
2019-04-14,14,77.0
2019-04-14,15,66.5
2019-04-14,16,51.5
2019-04-14,17,30.5
2019-04-14,18,11.5
2019-04-14,19,2.5
2019-04-14,20,0.5
2019-04-14,21,2.5
2019-04-14,22,4.5
2019-04-14,23,8.0
2019-04-14,24,13.0
2019-04-15,1,21.5
2019-04-15,2,31.5
2019-04-15,3,48.0
2019-04-15,4,75.5
2019-04-15,5,85.0
2019-04-15,6,73.5
2019-04-15,7,35.5
2019-04-15,8,8.5
2019-04-15,9,5.5
2019-04-15,10,10.0
2019-04-15,11,14.0
2019-04-15,12,14.5
2019-04-15,13,11.5
2019-04-15,14,12.0
2019-04-15,15,17.0
2019-04-15,16,23.5
2019-04-15,17,32.5
2019-04-15,18,38.0
2019-04-15,19,34.0
2019-04-15,20,21.0
2019-04-15,21,7.0
2019-04-15,22,1.5
2019-04-15,23,0.5
2019-04-15,24,2.0
2019-04-16,1,5.0
2019-04-16,2,7.5
2019-04-16,3,9.0
2019-04-16,4,7.0
2019-04-16,5,3.5
2019-04-16,6,4.0
2019-04-16,7,5.5
2019-04-16,8,2.5
2019-04-16,9,5.5
2019-04-16,10,6.0
2019-04-16,11,2.5
2019-04-16,12,2.0
2019-04-16,13,3.5
2019-04-16,14,10.5
2019-04-16,15,13.0
2019-04-16,16,15.5
2019-04-16,17,15.5
2019-04-16,18,9.5
2019-04-16,19,5.0
2019-04-16,20,4.5
2019-04-16,21,8.0
2019-04-16,22,13.5
2019-04-16,23,15.5
2019-04-16,24,13.5
2019-04-17,1,11.0
2019-04-17,2,8.5
2019-04-17,3,7.0
2019-04-17,4,10.0
2019-04-17,5,17.0
2019-04-17,6,20.5
2019-04-17,7,8.5
2019-04-17,8,0.5
2019-04-17,9,0.5
2019-04-17,10,0.5
2019-04-17,11,1.5
2019-04-17,12,4.5
2019-04-17,13,11.5
2019-04-17,14,26.5
2019-04-17,15,41.0
2019-04-17,16,53.5
2019-04-17,17,65.5
2019-04-17,18,62.5
2019-04-17,19,50.5
2019-04-17,20,31.5
2019-04-17,21,13.5
2019-04-17,22,12.0
2019-04-17,23,21.0
2019-04-17,24,21.5
2019-04-18,1,22.0
2019-04-18,2,24.0
2019-04-18,3,26.0
2019-04-18,4,28.5
2019-04-18,5,32.5
2019-04-18,6,38.5
2019-04-18,7,32.0
2019-04-18,8,38.0
2019-04-18,9,37.5
2019-04-18,10,32.5
2019-04-18,11,27.0
2019-04-18,12,24.5
2019-04-18,13,23.5
2019-04-18,14,25.0
2019-04-18,15,32.0
2019-04-18,16,46.5
2019-04-18,17,56.5
2019-04-18,18,67.0
2019-04-18,19,81.5
2019-04-18,20,88.0
2019-04-18,21,78.5
2019-04-18,22,54.5
2019-04-18,23,40.5
2019-04-18,24,49.0
2019-04-19,1,65.0
2019-04-19,2,73.0
2019-04-19,3,71.0
2019-04-19,4,60.0
2019-04-19,5,51.5
2019-04-19,6,49.5
2019-04-19,7,33.0
2019-04-19,8,24.0
2019-04-19,9,29.0
2019-04-19,10,30.5
2019-04-19,11,29.5
2019-04-19,12,28.0
2019-04-19,13,23.5
2019-04-19,14,18.0
2019-04-19,15,15.0
2019-04-19,16,14.5
2019-04-19,17,17.0
2019-04-19,18,14.5
2019-04-19,19,7.0
2019-04-19,20,1.5
2019-04-19,21,1.5
2019-04-19,22,7.0
2019-04-19,23,16.5
2019-04-19,24,21.0
2019-04-20,1,22.5
2019-04-20,2,23.5
2019-04-20,3,22.5
2019-04-20,4,21.5
2019-04-20,5,23.0
2019-04-20,6,26.5
2019-04-20,7,22.0
2019-04-20,8,30.5
2019-04-20,9,45.5
2019-04-20,10,56.0
2019-04-20,11,63.5
2019-04-20,12,67.0
2019-04-20,13,68.0
2019-04-20,14,70.0
2019-04-20,15,70.5
2019-04-20,16,67.5
2019-04-20,17,62.5
2019-04-20,18,57.5
2019-04-20,19,56.0
2019-04-20,20,55.5
2019-04-20,21,56.5
2019-04-20,22,61.5
2019-04-20,23,57.0
2019-04-20,24,50.5
2019-04-21,1,50.5
2019-04-21,2,58.5
2019-04-21,3,66.0
2019-04-21,4,70.5
2019-04-21,5,77.0
2019-04-21,6,76.5
2019-04-21,7,59.0
2019-04-21,8,55.5
2019-04-21,9,70.5
2019-04-21,10,80.5
2019-04-21,11,79.5
2019-04-21,12,76.0
2019-04-21,13,82.0
2019-04-21,14,88.0
2019-04-21,15,90.5
2019-04-21,16,83.5
2019-04-21,17,68.0
2019-04-21,18,58.0
2019-04-21,19,57.5
2019-04-21,20,62.5
2019-04-21,21,73.0
2019-04-21,22,94.5
2019-04-21,23,119.5
2019-04-21,24,126.0
2019-04-22,1,120.5
2019-04-22,2,146.0
2019-04-22,3,137.0
2019-04-22,4,109.5
2019-04-22,5,96.0
2019-04-22,6,91.5
2019-04-22,7,83.0
2019-04-22,8,76.0
2019-04-22,9,83.5
2019-04-22,10,101.5
2019-04-22,11,112.5
2019-04-22,12,105.5
2019-04-22,13,100.0
2019-04-22,14,100.0
2019-04-22,15,94.0
2019-04-22,16,89.5
2019-04-22,17,73.0
2019-04-22,18,50.5
2019-04-22,19,50.5
2019-04-22,20,63.0
2019-04-22,21,78.0
2019-04-22,22,100.0
2019-04-22,23,116.5
2019-04-22,24,126.0
2019-04-23,1,126.5
2019-04-23,2,129.0
2019-04-23,3,127.0
2019-04-23,4,126.0
2019-04-23,5,125.5
2019-04-23,6,122.5
2019-04-23,7,118.5
2019-04-23,8,103.5
2019-04-23,9,92.0
2019-04-23,10,108.0
2019-04-23,11,114.5
2019-04-23,12,104.5
2019-04-23,13,92.5
2019-04-23,14,79.0
2019-04-23,15,65.5
2019-04-23,16,56.5
2019-04-23,17,50.0
2019-04-23,18,52.0
2019-04-23,19,69.0
2019-04-23,20,75.5
2019-04-23,21,59.5
2019-04-23,22,38.0
2019-04-23,23,22.0
2019-04-23,24,16.0
2019-04-24,1,14.5
2019-04-24,2,16.5
2019-04-24,3,22.0
2019-04-24,4,21.5
2019-04-24,5,18.0
2019-04-24,6,20.5
2019-04-24,7,23.0
2019-04-24,8,38.5
2019-04-24,9,75.5
2019-04-24,10,100.0
2019-04-24,11,117.5
2019-04-24,12,150.0
2019-04-24,13,195.0
2019-04-24,14,234.5
2019-04-24,15,232.0
2019-04-24,16,207.0
2019-04-24,17,183.5
2019-04-24,18,146.5
2019-04-24,19,113.5
2019-04-24,20,74.0
2019-04-24,21,47.0
2019-04-24,22,30.5
2019-04-24,23,23.5
2019-04-24,24,21.5
2019-04-25,1,20.5
2019-04-25,2,18.0
2019-04-25,3,15.5
2019-04-25,4,19.5
2019-04-25,5,32.0
2019-04-25,6,40.5
2019-04-25,7,35.5
2019-04-25,8,27.0
2019-04-25,9,32.0
2019-04-25,10,42.0
2019-04-25,11,55.5
2019-04-25,12,72.5
2019-04-25,13,91.5
2019-04-25,14,109.5
2019-04-25,15,116.5
2019-04-25,16,104.5
2019-04-25,17,98.5
2019-04-25,18,94.0
2019-04-25,19,96.0
2019-04-25,20,77.0
2019-04-25,21,54.0
2019-04-25,22,47.5
2019-04-25,23,41.0
2019-04-25,24,30.0
2019-04-26,1,22.5
2019-04-26,2,19.5
2019-04-26,3,18.0
2019-04-26,4,15.0
2019-04-26,5,10.5
2019-04-26,6,8.0
2019-04-26,7,2.5
2019-04-26,8,7.5
2019-04-26,9,15.0
2019-04-26,10,26.0
2019-04-26,11,45.5
2019-04-26,12,77.0
2019-04-26,13,102.0
2019-04-26,14,99.5
2019-04-26,15,80.0
2019-04-26,16,66.5
2019-04-26,17,61.0
2019-04-26,18,48.5
2019-04-26,19,39.5
2019-04-26,20,38.5
2019-04-26,21,40.0
2019-04-26,22,48.5
2019-04-26,23,69.0
2019-04-26,24,93.0
2019-04-27,1,128.0
2019-04-27,2,155.0
2019-04-27,3,155.5
2019-04-27,4,138.0
2019-04-27,5,110.0
2019-04-27,6,80.0
2019-04-27,7,42.0
2019-04-27,8,18.5
2019-04-27,9,9.5
2019-04-27,10,7.0
2019-04-27,11,8.0
2019-04-27,12,13.0
2019-04-27,13,21.0
2019-04-27,14,35.5
2019-04-27,15,54.0
2019-04-27,16,76.5
2019-04-27,17,92.5
2019-04-27,18,103.5
2019-04-27,19,135.0
2019-04-27,20,201.5
2019-04-27,21,259.5
2019-04-27,22,278.5
2019-04-27,23,266.0
2019-04-27,24,220.0
2019-04-28,1,161.5
2019-04-28,2,120.0
2019-04-28,3,91.5
2019-04-28,4,65.5
2019-04-28,5,50.0
2019-04-28,6,43.0
2019-04-28,7,47.5
2019-04-28,8,66.5
2019-04-28,9,80.5
2019-04-28,10,91.0
2019-04-28,11,89.5
2019-04-28,12,84.5
2019-04-28,13,78.0
2019-04-28,14,77.0
2019-04-28,15,78.0
2019-04-28,16,80.5
2019-04-28,17,79.5
2019-04-28,18,78.0
2019-04-28,19,88.5
2019-04-28,20,89.5
2019-04-28,21,77.0
2019-04-28,22,67.0
2019-04-28,23,63.5
2019-04-28,24,63.5
2019-04-29,1,63.5
2019-04-29,2,61.5
2019-04-29,3,64.5
2019-04-29,4,67.0
2019-04-29,5,71.5
2019-04-29,6,70.0
2019-04-29,7,52.0
2019-04-29,8,70.5
2019-04-29,9,86.0
2019-04-29,10,80.5
2019-04-29,11,66.5
2019-04-29,12,47.0
2019-04-29,13,27.0
2019-04-29,14,8.5
2019-04-29,15,6.5
2019-04-29,16,23.0
2019-04-29,17,26.5
2019-04-29,18,30.5
2019-04-29,19,21.0
2019-04-29,20,8.0
2019-04-29,21,4.0
2019-04-29,22,3.5
2019-04-29,23,3.0
2019-04-29,24,4.5
2019-04-30,1,9.0
2019-04-30,2,16.0
2019-04-30,3,24.5
2019-04-30,4,33.5
2019-04-30,5,38.5
2019-04-30,6,38.0
2019-04-30,7,18.0
2019-04-30,8,2.5
2019-04-30,9,0.5
2019-04-30,10,0.5
2019-04-30,11,0.5
2019-04-30,12,0.5
2019-04-30,13,1.5
2019-04-30,14,2.0
2019-04-30,15,4.0
2019-04-30,16,7.0
2019-04-30,17,16.0
2019-04-30,18,37.0
2019-04-30,19,56.0
2019-04-30,20,47.5
2019-04-30,21,28.0
2019-04-30,22,12.5
2019-04-30,23,6.5
2019-04-30,24,9.0
2019-05-01,1,8.5
2019-05-01,2,6.0
2019-05-01,3,4.5
2019-05-01,4,5.0
2019-05-01,5,8.0
2019-05-01,6,10.0
2019-05-01,7,4.5
2019-05-01,8,3.5
2019-05-01,9,0.5
2019-05-01,10,0.5
2019-05-01,11,0.5
2019-05-01,12,1.0
2019-05-01,13,2.5
2019-05-01,14,6.5
2019-05-01,15,17.5
2019-05-01,16,27.0
2019-05-01,17,43.0
2019-05-01,18,72.0
2019-05-01,19,83.5
2019-05-01,20,51.5
2019-05-01,21,31.0
2019-05-01,22,23.5
2019-05-01,23,17.5
2019-05-01,24,15.0
2019-05-02,1,14.5
2019-05-02,2,15.0
2019-05-02,3,16.5
2019-05-02,4,18.5
2019-05-02,5,18.0
2019-05-02,6,13.0
2019-05-02,7,7.0
2019-05-02,8,3.0
2019-05-02,9,1.0
2019-05-02,10,1.0
2019-05-02,11,1.5
2019-05-02,12,2.0
2019-05-02,13,3.0
2019-05-02,14,4.5
2019-05-02,15,6.5
2019-05-02,16,9.0
2019-05-02,17,21.0
2019-05-02,18,25.0
2019-05-02,19,22.5
2019-05-02,20,10.0
2019-05-02,21,18.5
2019-05-02,22,17.0
2019-05-02,23,16.5
2019-05-02,24,16.0
2019-05-03,1,17.5
2019-05-03,2,18.5
2019-05-03,3,20.0
2019-05-03,4,20.5
2019-05-03,5,20.5
2019-05-03,6,18.0
2019-05-03,7,5.0
2019-05-03,8,11.0
2019-05-03,9,16.0
2019-05-03,10,14.0
2019-05-03,11,13.5
2019-05-03,12,16.0
2019-05-03,13,19.0
2019-05-03,14,23.5
2019-05-03,15,26.0
2019-05-03,16,20.5
2019-05-03,17,10.5
2019-05-03,18,5.5
2019-05-03,19,3.5
2019-05-03,20,3.5
2019-05-03,21,3.0
2019-05-03,22,2.5
2019-05-03,23,2.0
2019-05-03,24,1.0
2019-05-04,1,1.0
2019-05-04,2,4.0
2019-05-04,3,12.5
2019-05-04,4,20.0
2019-05-04,5,19.5
2019-05-04,6,12.5
2019-05-04,7,3.5
2019-05-04,8,2.5
2019-05-04,9,1.5
2019-05-04,10,1.0
2019-05-04,11,1.5
2019-05-04,12,2.5
2019-05-04,13,3.5
2019-05-04,14,5.0
2019-05-04,15,6.0
2019-05-04,16,7.0
2019-05-04,17,24.0
2019-05-04,18,35.5
2019-05-04,19,36.0
2019-05-04,20,16.5
2019-05-04,21,34.0
2019-05-04,22,49.5
2019-05-04,23,81.0
2019-05-04,24,194.0
2019-05-05,1,246.5
2019-05-05,2,267.0
2019-05-05,3,368.5
2019-05-05,4,386.5
2019-05-05,5,381.5
2019-05-05,6,392.5
2019-05-05,7,382.0
2019-05-05,8,347.5
2019-05-05,9,317.5
2019-05-05,10,290.0
2019-05-05,11,255.0
2019-05-05,12,243.5
2019-05-05,13,239.0
2019-05-05,14,223.5
2019-05-05,15,223.5
2019-05-05,16,228.5
2019-05-05,17,219.0
2019-05-05,18,208.5
2019-05-05,19,202.0
2019-05-05,20,177.5
2019-05-05,21,147.0
2019-05-05,22,116.5
2019-05-05,23,89.5
2019-05-05,24,70.0
2019-05-06,1,55.0
2019-05-06,2,41.5
2019-05-06,3,29.0
2019-05-06,4,24.5
2019-05-06,5,27.0
2019-05-06,6,26.5
2019-05-06,7,27.0
2019-05-06,8,26.0
2019-05-06,9,20.5
2019-05-06,10,6.0
2019-05-06,11,4.0
2019-05-06,12,2.5
2019-05-06,13,1.5
2019-05-06,14,5.5
2019-05-06,15,21.5
2019-05-06,16,36.5
2019-05-06,17,44.0
2019-05-06,18,44.0
2019-05-06,19,33.0
2019-05-06,20,17.5
2019-05-06,21,7.0
2019-05-06,22,2.5
2019-05-06,23,2.0
2019-05-06,24,2.0
2019-05-07,1,2.0
2019-05-07,2,2.5
2019-05-07,3,2.5
2019-05-07,4,4.0
2019-05-07,5,7.0
2019-05-07,6,10.0
2019-05-07,7,5.0
2019-05-07,8,2.0
2019-05-07,9,2.0
2019-05-07,10,1.0
2019-05-07,11,1.5
2019-05-07,12,18.0
2019-05-07,13,40.0
2019-05-07,14,68.0
2019-05-07,15,89.5
2019-05-07,16,105.0
2019-05-07,17,120.5
2019-05-07,18,105.5
2019-05-07,19,67.0
2019-05-07,20,26.5
2019-05-07,21,4.5
2019-05-07,22,6.0
2019-05-07,23,8.0
2019-05-07,24,7.0
2019-05-08,1,6.0
2019-05-08,2,9.0
2019-05-08,3,15.0
2019-05-08,4,23.0
2019-05-08,5,29.5
2019-05-08,6,29.0
2019-05-08,7,24.0
2019-05-08,8,19.5
2019-05-08,9,15.0
2019-05-08,10,12.0
2019-05-08,11,16.0
2019-05-08,12,35.5
2019-05-08,13,67.5
2019-05-08,14,89.5
2019-05-08,15,67.5
2019-05-08,16,53.0
2019-05-08,17,56.5
2019-05-08,18,56.0
2019-05-08,19,50.5
2019-05-08,20,40.0
2019-05-08,21,31.0
2019-05-08,22,21.5
2019-05-08,23,27.0
2019-05-08,24,47.0
2019-05-09,1,29.5
2019-05-09,2,13.0
2019-05-09,3,7.0
2019-05-09,4,9.0
2019-05-09,5,13.0
2019-05-09,6,16.0
2019-05-09,7,17.5
2019-05-09,8,32.5
2019-05-09,9,46.5
2019-05-09,10,47.0
2019-05-09,11,42.0
2019-05-09,12,37.0
2019-05-09,13,33.5
2019-05-09,14,27.0
2019-05-09,15,24.0
2019-05-09,16,24.5
2019-05-09,17,26.5
2019-05-09,18,23.5
2019-05-09,19,20.5
2019-05-09,20,27.5
2019-05-09,21,27.5
2019-05-09,22,29.0
2019-05-09,23,30.5
2019-05-09,24,27.0
2019-05-10,1,26.0
2019-05-10,2,27.0
2019-05-10,3,27.5
2019-05-10,4,28.0
2019-05-10,5,27.0
2019-05-10,6,21.0
2019-05-10,7,10.5
2019-05-10,8,6.5
2019-05-10,9,1.0
2019-05-10,10,1.0
2019-05-10,11,1.5
2019-05-10,12,2.0
2019-05-10,13,11.0
2019-05-10,14,49.5
2019-05-10,15,67.5
2019-05-10,16,96.5
2019-05-10,17,128.5
2019-05-10,18,124.0
2019-05-10,19,78.0
2019-05-10,20,34.0
2019-05-10,21,10.0
2019-05-10,22,12.5
2019-05-10,23,12.5
2019-05-10,24,11.5
2019-05-11,1,10.5
2019-05-11,2,10.5
2019-05-11,3,9.5
2019-05-11,4,9.5
2019-05-11,5,7.5
2019-05-11,6,4.0
2019-05-11,7,3.5
2019-05-11,8,3.5
2019-05-11,9,3.5
2019-05-11,10,2.5
2019-05-11,11,7.5
2019-05-11,12,13.5
2019-05-11,13,24.0
2019-05-11,14,41.5
2019-05-11,15,89.5
2019-05-11,16,118.5
2019-05-11,17,96.5
2019-05-11,18,88.0
2019-05-11,19,169.5
2019-05-11,20,292.5
2019-05-11,21,305.0
2019-05-11,22,269.0
2019-05-11,23,227.0
2019-05-11,24,203.5
2019-05-12,1,206.5
2019-05-12,2,228.5
2019-05-12,3,229.5
2019-05-12,4,200.5
2019-05-12,5,187.0
2019-05-12,6,173.5
2019-05-12,7,155.5
2019-05-12,8,197.5
2019-05-12,9,229.0
2019-05-12,10,246.5
2019-05-12,11,266.5
2019-05-12,12,293.5
2019-05-12,13,306.0
2019-05-12,14,293.5
2019-05-12,15,295.0
2019-05-12,16,280.0
2019-05-12,17,222.0
2019-05-12,18,155.5
2019-05-12,19,133.0
2019-05-12,20,139.0
2019-05-12,21,150.0
2019-05-12,22,155.0
2019-05-12,23,176.0
2019-05-12,24,158.0
2019-05-13,1,123.0
2019-05-13,2,104.5
2019-05-13,3,77.0
2019-05-13,4,53.0
2019-05-13,5,35.5
2019-05-13,6,27.0
2019-05-13,7,31.5
2019-05-13,8,55.0
2019-05-13,9,44.5
2019-05-13,10,28.5
2019-05-13,11,37.0
2019-05-13,12,37.0
2019-05-13,13,34.0
2019-05-13,14,37.0
2019-05-13,15,29.5
2019-05-13,16,27.0
2019-05-13,17,29.0
2019-05-13,18,30.5
2019-05-13,19,26.5
2019-05-13,20,13.0
2019-05-13,21,3.0
2019-05-13,22,4.0
2019-05-13,23,8.0
2019-05-13,24,10.0
2019-05-14,1,8.5
2019-05-14,2,7.5
2019-05-14,3,8.5
2019-05-14,4,10.0
2019-05-14,5,9.5
2019-05-14,6,6.5
2019-05-14,7,3.0
2019-05-14,8,15.5
2019-05-14,9,12.5
2019-05-14,10,17.0
2019-05-14,11,34.5
2019-05-14,12,67.0
2019-05-14,13,78.0
2019-05-14,14,83.0
2019-05-14,15,85.0
2019-05-14,16,92.0
2019-05-14,17,100.5
2019-05-14,18,102.5
2019-05-14,19,95.0
2019-05-14,20,100.5
2019-05-14,21,100.5
2019-05-14,22,99.0
2019-05-14,23,76.5
2019-05-14,24,54.0
2019-05-15,1,34.0
2019-05-15,2,19.5
2019-05-15,3,17.0
2019-05-15,4,26.5
2019-05-15,5,39.0
2019-05-15,6,46.5
2019-05-15,7,27.0
2019-05-15,8,29.5
2019-05-15,9,32.5
2019-05-15,10,28.5
2019-05-15,11,27.0
2019-05-15,12,29.5
2019-05-15,13,31.5
2019-05-15,14,36.0
2019-05-15,15,46.5
2019-05-15,16,45.0
2019-05-15,17,38.5
2019-05-15,18,42.5
2019-05-15,19,50.5
2019-05-15,20,35.0
2019-05-15,21,13.5
2019-05-15,22,6.5
2019-05-15,23,5.0
2019-05-15,24,4.5
2019-05-16,1,3.5
2019-05-16,2,3.5
2019-05-16,3,3.0
2019-05-16,4,3.0
2019-05-16,5,3.5
2019-05-16,6,2.5
2019-05-16,7,4.0
2019-05-16,8,3.5
2019-05-16,9,5.5
2019-05-16,10,14.0
2019-05-16,11,33.5
2019-05-16,12,49.5
2019-05-16,13,55.0
2019-05-16,14,63.5
2019-05-16,15,72.0
2019-05-16,16,79.0
2019-05-16,17,89.0
2019-05-16,18,88.5
2019-05-16,19,74.0
2019-05-16,20,50.0
2019-05-16,21,20.5
2019-05-16,22,8.0
2019-05-16,23,8.5
2019-05-16,24,9.0
2019-05-17,1,12.5
2019-05-17,2,17.5
2019-05-17,3,21.5
2019-05-17,4,24.5
2019-05-17,5,29.5
2019-05-17,6,31.5
2019-05-17,7,36.0
2019-05-17,8,34.5
2019-05-17,9,29.0
2019-05-17,10,26.5
2019-05-17,11,20.5
2019-05-17,12,17.0
2019-05-17,13,17.5
2019-05-17,14,18.0
2019-05-17,15,21.5
2019-05-17,16,27.0
2019-05-17,17,32.0
2019-05-17,18,34.0
2019-05-17,19,37.0
2019-05-17,20,46.0
2019-05-17,21,52.5
2019-05-17,22,52.5
2019-05-17,23,49.5
2019-05-17,24,52.5
2019-05-18,1,59.0
2019-05-18,2,63.0
2019-05-18,3,68.5
2019-05-18,4,74.0
2019-05-18,5,77.5
2019-05-18,6,73.5
2019-05-18,7,79.0
2019-05-18,8,81.5
2019-05-18,9,79.0
2019-05-18,10,76.0
2019-05-18,11,66.0
2019-05-18,12,56.5
2019-05-18,13,44.5
2019-05-18,14,32.0
2019-05-18,15,23.0
2019-05-18,16,18.0
2019-05-18,17,11.5
2019-05-18,18,5.5
2019-05-18,19,2.0
2019-05-18,20,2.5
2019-05-18,21,6.5
2019-05-18,22,11.0
2019-05-18,23,14.0
2019-05-18,24,15.0
2019-05-19,1,15.0
2019-05-19,2,15.0
2019-05-19,3,14.0
2019-05-19,4,10.0
2019-05-19,5,5.5
2019-05-19,6,3.0
2019-05-19,7,4.5
2019-05-19,8,6.0
2019-05-19,9,9.0
2019-05-19,10,12.5
2019-05-19,11,16.5
2019-05-19,12,19.0
2019-05-19,13,20.0
2019-05-19,14,17.5
2019-05-19,15,13.0
2019-05-19,16,8.5
2019-05-19,17,4.5
2019-05-19,18,1.5
2019-05-19,19,0.5
2019-05-19,20,3.5
2019-05-19,21,11.0
2019-05-19,22,13.5
2019-05-19,23,13.5
2019-05-19,24,16.0
2019-05-20,1,22.5
2019-05-20,2,29.0
2019-05-20,3,31.0
2019-05-20,4,27.0
2019-05-20,5,22.0
2019-05-20,6,21.0
2019-05-20,7,19.0
2019-05-20,8,16.5
2019-05-20,9,15.0
2019-05-20,10,16.0
2019-05-20,11,15.5
2019-05-20,12,9.5
2019-05-20,13,8.5
2019-05-20,14,15.0
2019-05-20,15,23.0
2019-05-20,16,24.5
2019-05-20,17,27.0
2019-05-20,18,33.5
2019-05-20,19,36.5
2019-05-20,20,38.5
2019-05-20,21,44.0
2019-05-20,22,51.5
2019-05-20,23,60.0
2019-05-20,24,69.0
2019-05-21,1,76.5
2019-05-21,2,83.5
2019-05-21,3,92.5
2019-05-21,4,103.0
2019-05-21,5,109.0
2019-05-21,6,92.5
2019-05-21,7,57.0
2019-05-21,8,27.0
2019-05-21,9,11.0
2019-05-21,10,8.0
2019-05-21,11,2.0
2019-05-21,12,2.0
2019-05-21,13,4.5
2019-05-21,14,13.5
2019-05-21,15,25.0
2019-05-21,16,31.0
2019-05-21,17,37.0
2019-05-21,18,45.5
2019-05-21,19,46.0
2019-05-21,20,30.5
2019-05-21,21,25.0
2019-05-21,22,29.5
2019-05-21,23,29.0
2019-05-21,24,29.0
2019-05-22,1,29.0
2019-05-22,2,29.0
2019-05-22,3,27.0
2019-05-22,4,30.0
2019-05-22,5,37.0
2019-05-22,6,36.0
2019-05-22,7,16.5
2019-05-22,8,1.5
2019-05-22,9,0.0
2019-05-22,10,0.0
2019-05-22,11,0.0
2019-05-22,12,0.5
2019-05-22,13,6.5
2019-05-22,14,24.0
2019-05-22,15,32.5
2019-05-22,16,40.0
2019-05-22,17,49.5
2019-05-22,18,61.0
2019-05-22,19,64.0
2019-05-22,20,41.0
2019-05-22,21,13.5
2019-05-22,22,8.5
2019-05-22,23,7.5
2019-05-22,24,6.5
2019-05-23,1,6.5
2019-05-23,2,6.0
2019-05-23,3,5.5
2019-05-23,4,4.0
2019-05-23,5,2.5
2019-05-23,6,2.0
2019-05-23,7,1.0
2019-05-23,8,0.5
2019-05-23,9,0.0
2019-05-23,10,0.0
2019-05-23,11,0.0
2019-05-23,12,0.5
2019-05-23,13,14.0
2019-05-23,14,36.5
2019-05-23,15,49.5
2019-05-23,16,62.5
2019-05-23,17,77.0
2019-05-23,18,85.5
2019-05-23,19,82.0
2019-05-23,20,46.0
2019-05-23,21,9.0
2019-05-23,22,7.5
2019-05-23,23,8.0
2019-05-23,24,7.0
2019-05-24,1,6.5
2019-05-24,2,5.5
2019-05-24,3,5.0
2019-05-24,4,5.5
2019-05-24,5,5.5
2019-05-24,6,4.5
2019-05-24,7,2.0
2019-05-24,8,2.5
2019-05-24,9,0.5
2019-05-24,10,0.5
2019-05-24,11,0.5
2019-05-24,12,0.5
2019-05-24,13,4.5
2019-05-24,14,12.0
2019-05-24,15,12.5
2019-05-24,16,14.0
2019-05-24,17,17.5
2019-05-24,18,24.0
2019-05-24,19,23.5
2019-05-24,20,12.5
2019-05-24,21,10.5
2019-05-24,22,26.0
2019-05-24,23,36.0
2019-05-24,24,47.0
2019-05-25,1,53.5
2019-05-25,2,51.0
2019-05-25,3,43.5
2019-05-25,4,38.0
2019-05-25,5,39.0
2019-05-25,6,38.5
2019-05-25,7,32.5
2019-05-25,8,23.5
2019-05-25,9,17.5
2019-05-25,10,9.5
2019-05-25,11,5.5
2019-05-25,12,4.5
2019-05-25,13,4.5
2019-05-25,14,3.5
2019-05-25,15,3.0
2019-05-25,16,2.5
2019-05-25,17,1.0
2019-05-25,18,1.5
2019-05-25,19,3.0
2019-05-25,20,6.0
2019-05-25,21,10.5
2019-05-25,22,18.5
2019-05-25,23,23.5
2019-05-25,24,22.5
2019-05-26,1,17.5
2019-05-26,2,14.0
2019-05-26,3,13.0
2019-05-26,4,12.5
2019-05-26,5,13.0
2019-05-26,6,11.5
2019-05-26,7,4.5
2019-05-26,8,18.5
2019-05-26,9,27.0
2019-05-26,10,29.0
2019-05-26,11,34.0
2019-05-26,12,39.5
2019-05-26,13,43.5
2019-05-26,14,41.5
2019-05-26,15,36.0
2019-05-26,16,30.5
2019-05-26,17,21.0
2019-05-26,18,14.0
2019-05-26,19,5.5
2019-05-26,20,1.0
2019-05-26,21,7.0
2019-05-26,22,15.0
2019-05-26,23,15.5
2019-05-26,24,16.5
2019-05-27,1,23.5
2019-05-27,2,26.0
2019-05-27,3,24.5
2019-05-27,4,16.5
2019-05-27,5,8.5
2019-05-27,6,3.5
2019-05-27,7,1.5
2019-05-27,8,1.0
2019-05-27,9,1.5
2019-05-27,10,10.0
2019-05-27,11,13.5
2019-05-27,12,10.5
2019-05-27,13,5.5
2019-05-27,14,2.0
2019-05-27,15,1.0
2019-05-27,16,1.0
2019-05-27,17,6.0
2019-05-27,18,13.0
2019-05-27,19,17.0
2019-05-27,20,15.5
2019-05-27,21,13.5
2019-05-27,22,12.5
2019-05-27,23,12.5
2019-05-27,24,12.0
2019-05-28,1,11.0
2019-05-28,2,11.5
2019-05-28,3,13.0
2019-05-28,4,15.5
2019-05-28,5,18.5
2019-05-28,6,18.5
2019-05-28,7,17.0
2019-05-28,8,12.5
2019-05-28,9,11.5
2019-05-28,10,12.5
2019-05-28,11,14.0
2019-05-28,12,13.5
2019-05-28,13,10.0
2019-05-28,14,7.5
2019-05-28,15,15.0
2019-05-28,16,21.0
2019-05-28,17,15.0
2019-05-28,18,8.5
2019-05-28,19,15.5
2019-05-28,20,31.0
2019-05-28,21,48.0
2019-05-28,22,72.0
2019-05-28,23,91.0
2019-05-28,24,106.5
2019-05-29,1,116.5
2019-05-29,2,121.5
2019-05-29,3,126.5
2019-05-29,4,126.5
2019-05-29,5,123.5
2019-05-29,6,99.5
2019-05-29,7,74.0
2019-05-29,8,76.0
2019-05-29,9,56.0
2019-05-29,10,46.5
2019-05-29,11,46.5
2019-05-29,12,50.5
2019-05-29,13,56.0
2019-05-29,14,59.5
2019-05-29,15,56.0
2019-05-29,16,45.5
2019-05-29,17,34.0
2019-05-29,18,22.0
2019-05-29,19,13.5
2019-05-29,20,5.0
2019-05-29,21,9.0
2019-05-29,22,12.5
2019-05-29,23,25.0
2019-05-29,24,37.0
2019-05-30,1,44.0
2019-05-30,2,53.5
2019-05-30,3,68.0
2019-05-30,4,79.0
2019-05-30,5,85.0
2019-05-30,6,77.5
2019-05-30,7,30.0
2019-05-30,8,12.0
2019-05-30,9,10.0
2019-05-30,10,7.0
2019-05-30,11,9.5
2019-05-30,12,16.5
2019-05-30,13,25.0
2019-05-30,14,30.5
2019-05-30,15,33.0
2019-05-30,16,34.0
2019-05-30,17,34.0
2019-05-30,18,34.0
2019-05-30,19,35.5
2019-05-30,20,31.5
2019-05-30,21,22.0
2019-05-30,22,13.0
2019-05-30,23,12.0
2019-05-30,24,15.5
2019-05-31,1,25.0
2019-05-31,2,28.0
2019-05-31,3,22.5
2019-05-31,4,15.0
2019-05-31,5,12.0
2019-05-31,6,7.5
2019-05-31,7,4.0
2019-05-31,8,1.0
2019-05-31,9,1.0
2019-05-31,10,2.5
2019-05-31,11,7.0
2019-05-31,12,12.0
2019-05-31,13,14.5
2019-05-31,14,17.5
2019-05-31,15,25.0
2019-05-31,16,24.5
2019-05-31,17,29.0
2019-05-31,18,34.0
2019-05-31,19,34.5
2019-05-31,20,27.0
2019-05-31,21,18.5
2019-05-31,22,14.0
2019-05-31,23,13.0
2019-05-31,24,15.0
2019-06-01,1,14.0
2019-06-01,2,9.0
2019-06-01,3,5.5
2019-06-01,4,6.0
2019-06-01,5,9.5
2019-06-01,6,8.5
2019-06-01,7,1.0
2019-06-01,8,0.5
2019-06-01,9,0.5
2019-06-01,10,0.5
2019-06-01,11,3.0
2019-06-01,12,10.0
2019-06-01,13,20.0
2019-06-01,14,24.5
2019-06-01,15,25.0
2019-06-01,16,27.5
2019-06-01,17,32.0
2019-06-01,18,39.0
2019-06-01,19,47.0
2019-06-01,20,45.0
2019-06-01,21,29.5
2019-06-01,22,17.0
2019-06-01,23,15.0
2019-06-01,24,15.5
2019-06-02,1,15.0
2019-06-02,2,12.5
2019-06-02,3,10.0
2019-06-02,4,9.0
2019-06-02,5,10.5
2019-06-02,6,8.5
2019-06-02,7,0.5
2019-06-02,8,1.5
2019-06-02,9,2.5
2019-06-02,10,3.0
2019-06-02,11,3.0
2019-06-02,12,5.0
2019-06-02,13,11.0
2019-06-02,14,19.0
2019-06-02,15,21.0
2019-06-02,16,26.5
2019-06-02,17,31.5
2019-06-02,18,39.0
2019-06-02,19,50.0
2019-06-02,20,47.5
2019-06-02,21,23.5
2019-06-02,22,16.0
2019-06-02,23,15.0
2019-06-02,24,9.0
2019-06-03,1,5.5
2019-06-03,2,5.5
2019-06-03,3,7.0
2019-06-03,4,8.5
2019-06-03,5,10.0
2019-06-03,6,6.0
2019-06-03,7,1.0
2019-06-03,8,0.0
2019-06-03,9,0.5
2019-06-03,10,0.5
2019-06-03,11,0.0
2019-06-03,12,5.5
2019-06-03,13,20.5
2019-06-03,14,25.0
2019-06-03,15,26.5
2019-06-03,16,26.0
2019-06-03,17,30.5
2019-06-03,18,43.0
2019-06-03,19,57.0
2019-06-03,20,34.0
2019-06-03,21,6.5
2019-06-03,22,9.5
2019-06-03,23,7.5
2019-06-03,24,6.5
2019-06-04,1,7.0
2019-06-04,2,8.5
2019-06-04,3,8.0
2019-06-04,4,7.5
2019-06-04,5,8.0
2019-06-04,6,4.5
2019-06-04,7,1.0
2019-06-04,8,0.0
2019-06-04,9,0.0
2019-06-04,10,0.5
2019-06-04,11,1.5
2019-06-04,12,5.5
2019-06-04,13,11.5
2019-06-04,14,20.0
2019-06-04,15,22.5
2019-06-04,16,26.5
2019-06-04,17,36.0
2019-06-04,18,50.5
2019-06-04,19,56.0
2019-06-04,20,30.0
2019-06-04,21,11.0
2019-06-04,22,15.5
2019-06-04,23,11.0
2019-06-04,24,7.5
2019-06-05,1,7.0
2019-06-05,2,7.5
2019-06-05,3,6.5
2019-06-05,4,6.5
2019-06-05,5,7.5
2019-06-05,6,4.5
2019-06-05,7,1.0
2019-06-05,8,3.0
2019-06-05,9,11.5
2019-06-05,10,23.5
2019-06-05,11,33.5
2019-06-05,12,42.5
2019-06-05,13,51.0
2019-06-05,14,63.5
2019-06-05,15,89.0
2019-06-05,16,120.5
2019-06-05,17,136.0
2019-06-05,18,112.5
2019-06-05,19,82.0
2019-06-05,20,54.5
2019-06-05,21,23.5
2019-06-05,22,18.5
2019-06-05,23,19.0
2019-06-05,24,18.5
2019-06-06,1,18.5
2019-06-06,2,18.5
2019-06-06,3,19.0
2019-06-06,4,23.0
2019-06-06,5,27.5
2019-06-06,6,27.5
2019-06-06,7,24.0
2019-06-06,8,26.0
2019-06-06,9,27.0
2019-06-06,10,26.0
2019-06-06,11,19.0
2019-06-06,12,27.0
2019-06-06,13,33.5
2019-06-06,14,43.5
2019-06-06,15,56.0
2019-06-06,16,74.5
2019-06-06,17,95.0
2019-06-06,18,94.5
2019-06-06,19,78.5
2019-06-06,20,54.0
2019-06-06,21,30.0
2019-06-06,22,23.0
2019-06-06,23,21.5
2019-06-06,24,24.5
2019-06-07,1,27.0
2019-06-07,2,26.0
2019-06-07,3,22.5
2019-06-07,4,22.5
2019-06-07,5,24.0
2019-06-07,6,19.0
2019-06-07,7,18.5
2019-06-07,8,20.0
2019-06-07,9,32.0
2019-06-07,10,46.5
2019-06-07,11,59.0
2019-06-07,12,70.5
2019-06-07,13,78.5
2019-06-07,14,91.5
2019-06-07,15,106.0
2019-06-07,16,118.0
2019-06-07,17,125.5
2019-06-07,18,110.5
2019-06-07,19,87.5
2019-06-07,20,51.5
2019-06-07,21,19.5
2019-06-07,22,12.0
2019-06-07,23,9.0
2019-06-07,24,9.0
2019-06-08,1,9.0
2019-06-08,2,9.0
2019-06-08,3,11.0
2019-06-08,4,19.0
2019-06-08,5,34.5
2019-06-08,6,35.0
2019-06-08,7,33.0
2019-06-08,8,20.5
2019-06-08,9,5.5
2019-06-08,10,1.0
2019-06-08,11,1.5
2019-06-08,12,5.0
2019-06-08,13,36.0
2019-06-08,14,58.5
2019-06-08,15,77.5
2019-06-08,16,88.5
2019-06-08,17,95.5
2019-06-08,18,92.5
2019-06-08,19,71.0
2019-06-08,20,36.5
2019-06-08,21,15.0
2019-06-08,22,16.0
2019-06-08,23,17.0
2019-06-08,24,21.5
2019-06-09,1,22.5
2019-06-09,2,20.5
2019-06-09,3,19.5
2019-06-09,4,18.5
2019-06-09,5,19.5
2019-06-09,6,24.0
2019-06-09,7,25.0
2019-06-09,8,24.5
2019-06-09,9,33.0
2019-06-09,10,39.5
2019-06-09,11,47.0
2019-06-09,12,55.0
2019-06-09,13,49.5
2019-06-09,14,37.0
2019-06-09,15,43.5
2019-06-09,16,52.5
2019-06-09,17,56.0
2019-06-09,18,58.0
2019-06-09,19,61.0
2019-06-09,20,67.0
2019-06-09,21,69.5
2019-06-09,22,72.5
2019-06-09,23,75.5
2019-06-09,24,78.0
2019-06-10,1,81.5
2019-06-10,2,83.5
2019-06-10,3,81.0
2019-06-10,4,72.5
2019-06-10,5,77.0
2019-06-10,6,74.0
2019-06-10,7,81.5
2019-06-10,8,88.0
2019-06-10,9,77.5
2019-06-10,10,66.5
2019-06-10,11,67.0
2019-06-10,12,78.5
2019-06-10,13,59.5
2019-06-10,14,44.0
2019-06-10,15,53.5
2019-06-10,16,59.0
2019-06-10,17,54.5
2019-06-10,18,56.0
2019-06-10,19,50.0
2019-06-10,20,38.0
2019-06-10,21,29.0
2019-06-10,22,23.0
2019-06-10,23,21.0
2019-06-10,24,21.5
2019-06-11,1,22.5
2019-06-11,2,21.0
2019-06-11,3,24.0
2019-06-11,4,25.0
2019-06-11,5,26.5
2019-06-11,6,23.5
2019-06-11,7,17.5
2019-06-11,8,14.0
2019-06-11,9,9.5
2019-06-11,10,12.0
2019-06-11,11,25.5
2019-06-11,12,43.0
2019-06-11,13,58.0
2019-06-11,14,64.5
2019-06-11,15,58.5
2019-06-11,16,41.5
2019-06-11,17,25.5
2019-06-11,18,14.0
2019-06-11,19,10.0
2019-06-11,20,7.5
2019-06-11,21,6.5
2019-06-11,22,9.0
2019-06-11,23,11.0
2019-06-11,24,12.5
2019-06-12,1,14.0
2019-06-12,2,15.5
2019-06-12,3,18.0
2019-06-12,4,21.5
2019-06-12,5,22.5
2019-06-12,6,14.0
2019-06-12,7,7.0
2019-06-12,8,2.5
2019-06-12,9,3.0
2019-06-12,10,12.5
2019-06-12,11,29.5
2019-06-12,12,46.0
2019-06-12,13,63.0
2019-06-12,14,80.5
2019-06-12,15,95.5
2019-06-12,16,95.0
2019-06-12,17,86.0
2019-06-12,18,76.0
2019-06-12,19,60.0
2019-06-12,20,35.5
2019-06-12,21,26.5
2019-06-12,22,24.5
2019-06-12,23,18.5
2019-06-12,24,14.5
2019-06-13,1,13.0
2019-06-13,2,12.5
2019-06-13,3,13.0
2019-06-13,4,17.0
2019-06-13,5,22.0
2019-06-13,6,16.0
2019-06-13,7,5.0
2019-06-13,8,1.0
2019-06-13,9,0.5
2019-06-13,10,1.0
2019-06-13,11,2.0
2019-06-13,12,7.5
2019-06-13,13,33.5
2019-06-13,14,46.0
2019-06-13,15,60.0
2019-06-13,16,77.5
2019-06-13,17,90.0
2019-06-13,18,86.5
2019-06-13,19,64.5
2019-06-13,20,22.5
2019-06-13,21,8.0
2019-06-13,22,30.0
2019-06-13,23,46.5
2019-06-13,24,35.5
2019-06-14,1,27.5
2019-06-14,2,24.5
2019-06-14,3,28.0
2019-06-14,4,37.0
2019-06-14,5,48.0
2019-06-14,6,48.5
2019-06-14,7,42.0
2019-06-14,8,48.0
2019-06-14,9,45.5
2019-06-14,10,55.5
2019-06-14,11,58.5
2019-06-14,12,56.5
2019-06-14,13,63.0
2019-06-14,14,70.0
2019-06-14,15,81.0
2019-06-14,16,88.5
2019-06-14,17,71.0
2019-06-14,18,67.5
2019-06-14,19,80.0
2019-06-14,20,91.5
2019-06-14,21,88.5
2019-06-14,22,72.0
2019-06-14,23,62.0
2019-06-14,24,58.5
2019-06-15,1,48.0
2019-06-15,2,36.5
2019-06-15,3,29.0
2019-06-15,4,20.5
2019-06-15,5,17.5
2019-06-15,6,9.5
2019-06-15,7,4.0
2019-06-15,8,1.5
2019-06-15,9,0.0
2019-06-15,10,0.0
2019-06-15,11,0.5
2019-06-15,12,0.5
2019-06-15,13,1.5
2019-06-15,14,4.0
2019-06-15,15,10.5
2019-06-15,16,15.0
2019-06-15,17,19.0
2019-06-15,18,20.5
2019-06-15,19,18.0
2019-06-15,20,8.0
2019-06-15,21,17.0
2019-06-15,22,20.5
2019-06-15,23,24.0
2019-06-15,24,34.0
2019-06-16,1,49.0
2019-06-16,2,67.0
2019-06-16,3,80.5
2019-06-16,4,94.0
2019-06-16,5,106.0
2019-06-16,6,82.0
2019-06-16,7,49.0
2019-06-16,8,28.5
2019-06-16,9,16.0
2019-06-16,10,6.0
2019-06-16,11,0.5
2019-06-16,12,1.5
2019-06-16,13,6.0
2019-06-16,14,14.5
2019-06-16,15,20.0
2019-06-16,16,24.0
2019-06-16,17,25.5
2019-06-16,18,25.0
2019-06-16,19,20.5
2019-06-16,20,14.0
2019-06-16,21,7.5
2019-06-16,22,7.0
2019-06-16,23,10.5
2019-06-16,24,9.5
2019-06-17,1,13.5
2019-06-17,2,18.0
2019-06-17,3,18.0
2019-06-17,4,17.5
2019-06-17,5,19.0
2019-06-17,6,16.5
2019-06-17,7,10.5
2019-06-17,8,30.5
2019-06-17,9,49.5
2019-06-17,10,47.0
2019-06-17,11,36.0
2019-06-17,12,30.5
2019-06-17,13,27.0
2019-06-17,14,24.0
2019-06-17,15,22.5
2019-06-17,16,21.5
2019-06-17,17,21.0
2019-06-17,18,24.0
2019-06-17,19,27.0
2019-06-17,20,21.0
2019-06-17,21,10.5
2019-06-17,22,4.0
2019-06-17,23,3.5
2019-06-17,24,6.0
2019-06-18,1,12.0
2019-06-18,2,18.5
2019-06-18,3,22.5
2019-06-18,4,27.0
2019-06-18,5,30.5
2019-06-18,6,20.5
2019-06-18,7,17.5
2019-06-18,8,15.0
2019-06-18,9,10.0
2019-06-18,10,3.0
2019-06-18,11,1.0
2019-06-18,12,1.0
2019-06-18,13,1.5
2019-06-18,14,6.0
2019-06-18,15,13.0
2019-06-18,16,13.5
2019-06-18,17,9.0
2019-06-18,18,5.0
2019-06-18,19,3.5
2019-06-18,20,4.0
2019-06-18,21,3.0
2019-06-18,22,4.0
2019-06-18,23,10.0
2019-06-18,24,15.0
2019-06-19,1,19.0
2019-06-19,2,21.5
2019-06-19,3,20.5
2019-06-19,4,19.5
2019-06-19,5,20.5
2019-06-19,6,12.5
2019-06-19,7,3.0
2019-06-19,8,0.5
2019-06-19,9,0.5
2019-06-19,10,0.5
2019-06-19,11,0.5
2019-06-19,12,2.0
2019-06-19,13,13.5
2019-06-19,14,28.5
2019-06-19,15,39.5
2019-06-19,16,44.5
2019-06-19,17,51.5
2019-06-19,18,57.0
2019-06-19,19,52.0
2019-06-19,20,29.0
2019-06-19,21,15.0
2019-06-19,22,14.0
2019-06-19,23,13.0
2019-06-19,24,13.0
2019-06-20,1,13.0
2019-06-20,2,12.5
2019-06-20,3,11.0
2019-06-20,4,10.0
2019-06-20,5,10.0
2019-06-20,6,9.0
2019-06-20,7,5.0
2019-06-20,8,0.5
2019-06-20,9,0.5
2019-06-20,10,1.0
2019-06-20,11,1.5
2019-06-20,12,2.0
2019-06-20,13,13.0
2019-06-20,14,16.0
2019-06-20,15,18.5
2019-06-20,16,23.5
2019-06-20,17,26.0
2019-06-20,18,30.5
2019-06-20,19,38.0
2019-06-20,20,33.0
2019-06-20,21,8.0
2019-06-20,22,5.5
2019-06-20,23,7.0
2019-06-20,24,8.0
2019-06-21,1,8.5
2019-06-21,2,8.5
2019-06-21,3,7.5
2019-06-21,4,6.5
2019-06-21,5,6.0
2019-06-21,6,5.0
2019-06-21,7,2.0
2019-06-21,8,1.0
2019-06-21,9,1.5
2019-06-21,10,14.5
2019-06-21,11,19.0
2019-06-21,12,21.0
2019-06-21,13,21.0
2019-06-21,14,22.0
2019-06-21,15,24.5
2019-06-21,16,24.0
2019-06-21,17,28.5
2019-06-21,18,34.5
2019-06-21,19,38.0
2019-06-21,20,33.0
2019-06-21,21,18.5
2019-06-21,22,17.0
2019-06-21,23,22.0
2019-06-21,24,26.0
2019-06-22,1,27.0
2019-06-22,2,30.5
2019-06-22,3,45.0
2019-06-22,4,44.0
2019-06-22,5,38.5
2019-06-22,6,25.0
2019-06-22,7,14.0
2019-06-22,8,12.5
2019-06-22,9,14.5
2019-06-22,10,15.5
2019-06-22,11,27.0
2019-06-22,12,34.5
2019-06-22,13,35.0
2019-06-22,14,29.5
2019-06-22,15,17.0
2019-06-22,16,5.5
2019-06-22,17,2.0
2019-06-22,18,5.5
2019-06-22,19,4.0
2019-06-22,20,4.0
2019-06-22,21,5.0
2019-06-22,22,8.5
2019-06-22,23,8.5
2019-06-22,24,10.5
2019-06-23,1,18.0
2019-06-23,2,23.0
2019-06-23,3,24.5
2019-06-23,4,25.0
2019-06-23,5,27.5
2019-06-23,6,18.0
2019-06-23,7,6.0
2019-06-23,8,3.0
2019-06-23,9,0.5
2019-06-23,10,0.5
2019-06-23,11,0.5
2019-06-23,12,2.5
2019-06-23,13,11.0
2019-06-23,14,21.0
2019-06-23,15,25.0
2019-06-23,16,26.0
2019-06-23,17,27.0
2019-06-23,18,27.5
2019-06-23,19,21.0
2019-06-23,20,12.5
2019-06-23,21,6.5
2019-06-23,22,5.0
2019-06-23,23,9.5
2019-06-23,24,9.5
2019-06-24,1,7.5
2019-06-24,2,6.0
2019-06-24,3,5.5
2019-06-24,4,8.0
2019-06-24,5,15.5
2019-06-24,6,13.5
2019-06-24,7,3.0
2019-06-24,8,7.0
2019-06-24,9,12.0
2019-06-24,10,5.0
2019-06-24,11,0.5
2019-06-24,12,1.0
2019-06-24,13,6.0
2019-06-24,14,15.5
2019-06-24,15,26.5
2019-06-24,16,33.0
2019-06-24,17,38.0
2019-06-24,18,35.5
2019-06-24,19,29.0
2019-06-24,20,20.5
2019-06-24,21,16.0
2019-06-24,22,21.0
2019-06-24,23,30.5
2019-06-24,24,39.5
2019-06-25,1,48.0
2019-06-25,2,53.5
2019-06-25,3,52.0
2019-06-25,4,45.0
2019-06-25,5,41.0
2019-06-25,6,25.5
2019-06-25,7,6.5
2019-06-25,8,2.0
2019-06-25,9,0.5
2019-06-25,10,0.5
2019-06-25,11,0.5
2019-06-25,12,6.0
2019-06-25,13,21.5
2019-06-25,14,25.5
2019-06-25,15,27.5
2019-06-25,16,30.5
2019-06-25,17,29.5
2019-06-25,18,26.5
2019-06-25,19,22.5
2019-06-25,20,13.5
2019-06-25,21,5.0
2019-06-25,22,6.5
2019-06-25,23,9.5
2019-06-25,24,12.0
2019-06-26,1,13.5
2019-06-26,2,15.0
2019-06-26,3,17.5
2019-06-26,4,19.0
2019-06-26,5,26.0
2019-06-26,6,18.0
2019-06-26,7,5.0
2019-06-26,8,1.5
2019-06-26,9,0.5
2019-06-26,10,0.5
2019-06-26,11,1.5
2019-06-26,12,10.5
2019-06-26,13,22.0
2019-06-26,14,22.0
2019-06-26,15,19.5
2019-06-26,16,18.5
2019-06-26,17,16.5
2019-06-26,18,13.5
2019-06-26,19,11.5
2019-06-26,20,6.0
2019-06-26,21,5.0
2019-06-26,22,6.5
2019-06-26,23,5.5
2019-06-26,24,4.5
2019-06-27,1,4.5
2019-06-27,2,4.5
2019-06-27,3,5.5
2019-06-27,4,8.5
2019-06-27,5,13.5
2019-06-27,6,11.0
2019-06-27,7,4.5
2019-06-27,8,2.5
2019-06-27,9,4.0
2019-06-27,10,9.0
2019-06-27,11,11.5
2019-06-27,12,10.5
2019-06-27,13,8.5
2019-06-27,14,7.5
2019-06-27,15,6.5
2019-06-27,16,6.0
2019-06-27,17,6.0
2019-06-27,18,4.5
2019-06-27,19,5.0
2019-06-27,20,16.5
2019-06-27,21,44.0
2019-06-27,22,68.0
2019-06-27,23,76.5
2019-06-27,24,70.5
2019-06-28,1,59.0
2019-06-28,2,47.0
2019-06-28,3,37.0
2019-06-28,4,35.0
2019-06-28,5,39.0
2019-06-28,6,35.0
2019-06-28,7,24.0
2019-06-28,8,18.0
2019-06-28,9,33.0
2019-06-28,10,47.0
2019-06-28,11,47.5
2019-06-28,12,36.5
2019-06-28,13,26.5
2019-06-28,14,19.5
2019-06-28,15,26.0
2019-06-28,16,37.0
2019-06-28,17,51.0
2019-06-28,18,62.5
2019-06-28,19,67.5
2019-06-28,20,53.0
2019-06-28,21,31.5
2019-06-28,22,26.5
2019-06-28,23,35.5
2019-06-28,24,51.5
2019-06-29,1,76.5
2019-06-29,2,92.5
2019-06-29,3,99.5
2019-06-29,4,92.0
2019-06-29,5,80.5
2019-06-29,6,72.5
2019-06-29,7,84.5
2019-06-29,8,79.0
2019-06-29,9,59.5
2019-06-29,10,47.0
2019-06-29,11,41.5
2019-06-29,12,37.0
2019-06-29,13,28.0
2019-06-29,14,22.0
2019-06-29,15,21.5
2019-06-29,16,31.5
2019-06-29,17,41.0
2019-06-29,18,50.0
2019-06-29,19,58.0
2019-06-29,20,52.5
2019-06-29,21,35.5
2019-06-29,22,25.5
2019-06-29,23,21.5
2019-06-29,24,17.0
2019-06-30,1,23.5
2019-06-30,2,36.5
2019-06-30,3,39.0
2019-06-30,4,25.5
2019-06-30,5,16.5
2019-06-30,6,11.0
2019-06-30,7,9.5
2019-06-30,8,6.0
2019-06-30,9,3.0
2019-06-30,10,3.5
2019-06-30,11,7.5
2019-06-30,12,16.0
2019-06-30,13,24.0
2019-06-30,14,25.0
2019-06-30,15,23.0
2019-06-30,16,20.0
2019-06-30,17,18.5
2019-06-30,18,19.0
2019-06-30,19,23.0
2019-06-30,20,20.5
2019-06-30,21,13.0
2019-06-30,22,7.5
2019-06-30,23,3.5
2019-06-30,24,8.5
